Obj1_Feat1,Obj1_Feat2,Obj1_Feat3,Obj1_Feat4,Obj1_Feat5,Obj1_Feat6,Obj1_Feat7,Obj1_Feat8,Obj1_Feat9,Obj1_Feat10,Obj2_Feat1,Obj2_Feat2,Obj2_Feat3,Obj2_Feat4,Obj2_Feat5,Obj2_Feat6,Obj2_Feat7,Obj2_Feat8,Obj2_Feat9,Obj2_Feat10,Collision
C,C,3,D,1,82.89212831909067,A,29.4598404291468,1,1,B,B,5,C,1,47.70134207147326,D,70.20603613975247,1,0,Нет
B,A,4,A,0,11.477705084617472,A,98.25535335284962,1,0,D,C,4,A,1,77.44730722287603,C,8.75158074593182,0,0,Нет
A,B,5,C,0,15.415127638207082,B,51.52301988478749,0,0,A,D,2,A,1,64.51401813368753,C,43.822983579175286,0,0,Нет
A,B,1,D,1,65.23523164173724,A,44.08010138818456,0,1,C,D,3,A,1,85.1393550657433,A,47.17784555343009,0,0,Нет
A,C,3,B,1,82.28565281892374,D,79.27733877453093,1,1,C,C,2,B,0,35.581220147369386,C,12.008252724219481,0,1,Нет
A,D,4,A,0,70.31483558720223,D,84.39937668281519,1,0,A,B,3,D,0,9.11173831801907,D,93.0017866381642,1,0,Да
A,C,3,B,0,38.81700281806493,B,26.149875113076437,0,1,C,B,3,B,1,85.15586154013961,B,89.70531380629546,1,0,Нет
A,A,3,D,1,48.83521658747403,D,12.976638227777348,1,0,D,B,3,B,0,3.3115407467578795,A,89.46134122613519,0,1,Нет
C,A,1,D,1,68.67629442956645,A,41.523757418654206,0,1,A,B,3,B,1,99.41236174037083,D,99.81542303743949,0,0,Нет
C,D,1,D,0,58.65635105954008,B,65.70620949289192,1,1,B,D,4,B,1,94.33788361007127,D,14.686363541040103,1,0,Нет
D,C,3,D,0,13.494905465919537,B,33.260360156307776,1,1,C,B,3,C,0,79.96038989096121,B,5.3880871527768655,0,0,Нет
C,B,5,C,1,74.978469012697,B,99.18275016229964,1,1,A,C,1,A,0,67.79605527785093,C,80.51293633321846,0,0,Нет
B,B,1,C,0,10.331152528174481,D,25.939649912725027,1,0,A,D,3,B,0,21.43182897586725,B,3.5057618124564427,0,1,Нет
D,C,2,A,0,12.362354164377788,B,73.83762807063377,0,1,C,D,2,C,1,35.760222058343516,D,23.589592531917848,1,1,Нет
C,C,1,B,1,22.843953361671232,A,73.89141305473402,0,0,C,A,5,B,0,98.04751907320745,D,56.45277884099974,1,0,Нет
B,C,2,D,0,2.453130460888686,A,72.34950561352946,1,1,D,A,4,B,0,35.25115157566826,D,23.77906014408285,0,0,Нет
D,C,4,B,0,17.140879026747157,D,62.414573349544646,1,1,D,A,2,C,0,64.94182776567786,C,5.303618852252001,1,0,Нет
A,A,2,C,0,69.5653631371764,C,12.425917174220945,0,0,C,D,2,A,1,0.10516854988555924,A,46.92080008216293,1,1,Нет
B,C,1,A,1,23.09037513633525,B,54.294355198943975,1,0,C,C,4,B,0,67.42026137138114,C,8.863998651926796,1,0,Нет
A,D,2,A,1,41.96861215075385,D,46.995716289839315,0,1,C,B,5,B,0,96.77023389244108,D,88.17876331714277,0,1,Нет
D,D,5,B,0,56.4555868999553,C,90.45841850117802,1,1,D,A,5,A,0,43.70018031419317,C,75.93900279029442,0,1,Да
C,B,4,C,1,27.937176157726217,D,49.91844530701138,1,1,B,A,3,A,1,7.559932846416729,C,68.7083982852539,1,0,Нет
B,B,4,C,1,93.29950665309694,B,69.44762955973353,1,0,B,D,5,B,0,58.083320371544524,D,37.86526205543851,1,1,Нет
A,A,4,D,1,64.28326766177985,C,56.85744688746822,0,1,B,C,5,C,1,43.886495397233006,A,32.01801604845157,1,0,Нет
D,D,5,C,0,26.41798744138615,C,5.873683311808364,0,0,D,C,3,C,0,45.39055083319264,A,14.224089124929884,1,0,Нет
A,C,3,B,1,0.7354916015750335,D,95.81826464059169,0,1,A,A,1,A,1,83.80233767871019,B,5.165669454425947,1,0,Нет
B,B,5,B,0,83.7582131161049,B,27.241193796483532,0,0,C,D,5,A,1,67.46398620692698,D,47.081041618893636,1,0,Нет
D,D,4,D,0,88.76121992860331,B,74.39713572195706,1,1,B,A,1,C,1,86.96915668259918,B,18.628471842873317,1,1,Нет
B,C,4,A,0,48.86456597299923,C,18.60454140713714,0,1,A,A,1,C,0,96.38044057631856,A,44.44263138440756,1,1,Нет
D,B,4,D,1,15.321537837706922,A,48.26204430492,1,0,B,C,3,C,1,26.827208748943477,D,88.34561343108587,0,1,Нет
B,C,1,A,1,98.21286570191458,C,25.623768564360315,1,0,C,C,2,B,1,24.589057158599616,A,66.65894055113091,1,1,Нет
B,C,1,C,1,13.263195367383506,A,78.1869992774662,0,1,A,C,4,B,0,40.646131946449195,D,85.95512549618694,1,0,Нет
B,A,4,B,1,87.07577911801775,C,45.314906313696156,1,0,D,A,4,C,1,97.4624139042535,A,65.9733369259634,0,1,Нет
A,A,4,A,1,88.10935559284732,D,48.53565647518373,0,1,C,D,5,D,1,87.48316915654796,A,63.89197231321291,1,1,Нет
A,D,1,C,1,22.301789557811937,B,85.84862234956314,0,1,A,C,5,B,0,90.12932890296005,B,64.05976682678362,1,0,Нет
B,B,5,C,0,92.12730473572364,B,43.64202887672105,1,0,A,C,4,D,0,43.66939722606305,D,19.899387558243298,1,1,Нет
B,C,1,C,0,89.57987427296612,C,94.28571610038128,0,1,C,D,3,B,0,36.873854427534255,D,27.443932226123234,0,0,Нет
A,C,5,C,1,86.86367989983216,D,53.98371020966355,1,1,B,D,5,C,1,43.21532176520769,D,79.79049234012604,1,0,Да
C,D,1,A,0,92.0325882297262,B,49.723585758229675,1,0,B,B,2,A,1,73.70610549367328,B,66.09009188190429,0,1,Нет
D,D,1,A,1,33.27663820395007,C,69.07997699907453,0,1,D,A,2,B,0,84.06889957054462,B,62.827901357759686,0,0,Нет
C,D,4,C,0,57.88517150920781,D,63.820349694620624,0,0,B,D,1,D,0,67.50865936689323,C,61.42002398913723,1,0,Нет
C,A,5,A,1,78.44000899502015,A,65.05341539479669,0,1,D,D,1,C,0,61.337388365630396,B,22.159807153306275,1,1,Нет
A,A,1,A,1,46.805787942229045,D,19.61552977558585,1,0,D,D,1,C,0,99.47198820617895,D,54.215938003281025,1,0,Нет
D,B,3,B,1,74.7713638017085,D,15.184097822846832,0,1,C,A,3,D,1,43.56245852301731,A,75.3370180965125,1,1,Нет
A,A,5,D,0,28.06115106652921,A,52.52882900777767,0,0,D,B,5,A,0,67.93544069360124,A,70.60681840003554,0,1,Нет
B,B,3,C,1,42.64923438751208,D,42.55822562902195,0,0,C,A,4,B,1,11.951988331788243,B,97.44233200803558,1,0,Нет
D,B,2,C,1,94.4123703552569,B,12.725248539902456,1,0,C,D,1,B,0,86.91325689834468,A,30.908788212441753,1,1,Нет
A,C,5,C,1,28.119973741060168,A,54.449858987760344,1,0,D,A,1,A,0,47.70243518062306,A,45.66860271844164,1,1,Нет
C,D,4,A,1,53.35915347457786,A,67.48078588136318,0,1,C,D,2,C,1,93.52965111031408,D,75.06661761485212,0,0,Нет
C,B,3,B,0,60.94869906268931,B,11.4290759913526,0,0,D,D,5,D,0,74.31886213727184,D,42.09643363454121,1,0,Нет
D,D,4,A,1,62.343940629503194,C,52.823398775306785,0,1,C,B,3,D,0,7.307814776301713,D,43.49240921277159,0,1,Нет
B,C,5,D,0,14.295530520223853,C,72.50355082918894,1,1,A,C,1,B,0,6.818252085724286,A,35.624057417467206,1,0,Нет
B,A,5,B,1,36.6487189665548,A,68.46025848367401,1,0,B,B,2,D,0,56.64047665307804,C,15.667246086949094,1,1,Нет
B,A,3,A,1,54.790854477431594,B,61.050763635457706,0,0,A,A,4,B,1,68.77485987519083,D,32.8479455033331,0,0,Нет
D,B,3,B,1,32.52959436014439,D,40.81048442660875,0,0,C,A,3,A,1,98.81306631763631,A,52.4084690376318,1,0,Нет
B,B,3,B,0,43.824915657253094,D,74.82959546915534,0,1,B,C,3,B,1,53.07107790248528,C,8.325286473677018,1,1,Нет
C,C,4,C,0,37.75388639228654,B,33.909118282439856,1,1,A,A,5,D,1,71.32739370864613,D,13.116787266627039,1,1,Нет
A,C,3,B,1,61.23408804876976,D,26.979462373942553,1,1,A,A,3,A,1,77.54797763353673,A,61.32986204076389,0,1,Нет
A,D,2,A,1,24.216019851771907,C,90.34700511604478,1,0,C,B,4,A,1,93.08290039312875,C,54.57813045396435,0,1,Нет
D,C,3,C,0,91.4828105265312,A,31.822010043040315,1,0,A,C,4,A,1,77.72731714491641,C,46.51278216515975,1,0,Нет
C,D,2,A,1,50.132104908967534,D,28.08623183743525,0,1,D,C,1,A,1,20.30561064591926,D,62.1863277139027,1,1,Нет
C,A,3,A,0,14.937689050253567,D,92.78838417648421,0,0,C,D,3,B,1,1.5921350306802085,D,25.205570001193067,0,1,Нет
A,B,4,A,0,36.35592138003081,D,46.96351135239816,1,1,C,A,1,B,1,71.47247370517138,D,63.167315648089485,1,0,Нет
D,C,4,D,0,99.9222836174425,C,91.25821456259013,0,0,C,A,1,A,0,76.00802744138545,D,70.93829405265838,0,1,Нет
C,B,1,C,1,65.44933598983087,A,37.21107367237941,0,0,A,C,1,A,0,41.729572489270204,A,91.14686643893411,0,1,Нет
A,C,2,A,0,53.469171147172545,D,49.3132481109783,0,1,A,C,4,D,0,34.634062233023656,C,84.3622379914114,0,0,Нет
B,A,1,C,0,77.67707535527254,B,74.39115609753449,1,0,D,B,1,C,0,5.355201500123674,D,12.0885529379943,1,0,Да
B,B,2,A,1,0.2418433348966298,D,26.13668585157376,1,1,B,C,5,C,1,18.28579340582528,B,81.56386606461335,1,0,Нет
D,D,4,A,1,93.352020468852,A,88.72902108323495,1,0,A,D,4,D,1,14.446734522391203,D,14.753178296934577,0,0,Нет
B,B,2,A,0,74.54660967980217,A,14.33595914362844,0,1,B,C,5,B,0,1.4609205199512254,B,23.698186300225565,1,0,Нет
C,C,4,A,0,99.32463414621326,A,5.521239857911874,0,1,B,D,2,C,0,81.16935310975936,B,77.96460186878606,1,0,Нет
D,C,2,C,1,53.51466368949177,B,52.882170983937584,1,0,A,D,5,B,0,62.88048142230728,C,71.50031713831625,1,0,Нет
C,D,2,A,0,9.825196723651953,D,32.65786961550972,0,0,D,D,3,D,1,5.024130969395923,C,76.89359222714806,0,0,Нет
B,B,1,B,0,1.0300833247093966,D,78.25218216340052,1,1,B,C,5,D,1,54.3131562446781,B,26.675812845551594,1,0,Нет
A,D,3,D,0,4.3090566685497045,C,76.85925413814554,1,1,C,C,5,D,1,91.3234756426265,D,15.291667809445409,1,0,Нет
A,B,3,A,0,63.40645656994521,A,37.668157033218606,1,1,B,D,5,D,0,18.460343786160603,C,38.685959032585295,1,1,Нет
C,D,2,A,0,60.54141118389135,A,14.606514399764837,1,0,B,D,5,A,1,20.392487771138047,A,12.293997616394492,0,1,Нет
D,A,4,D,1,63.87781118494317,C,63.14901489300042,0,1,C,A,4,C,0,88.85745714132358,C,87.26583850216059,0,0,Нет
C,B,2,A,1,65.83613598455102,B,57.203920492997916,0,0,B,A,3,A,1,91.59174269743909,C,87.22456392757792,1,1,Нет
C,B,4,D,1,2.2161604622003894,C,22.020445157399294,0,0,C,B,2,C,0,80.77209647779824,D,52.75063397990716,0,0,Нет
C,C,4,B,0,2.2018352026459187,C,35.54779847182444,1,1,D,C,3,B,0,42.43279198824003,A,28.711708456906937,0,0,Нет
D,D,2,B,0,50.78952611466162,D,50.081132965792854,0,0,B,B,2,B,1,2.5508362192800393,C,52.21275287683843,1,1,Нет
B,C,3,A,0,77.213020637446,D,93.1406875655797,0,0,C,A,4,C,1,95.01638756955263,A,9.347504891851976,1,1,Нет
D,D,4,A,1,47.722768318468056,C,55.90081754251822,0,0,C,B,2,C,1,75.00255904131441,B,67.8785096086062,1,0,Нет
C,A,2,C,1,33.86262727937538,B,24.897409665599113,0,1,B,B,3,C,0,94.09456371664301,D,5.043181301468758,1,1,Нет
A,C,3,B,1,7.684150428036118,B,59.340219240355154,0,1,C,B,2,C,1,35.85993731495133,B,29.579697773652903,0,0,Нет
A,B,2,A,0,14.74198795184477,C,37.31136133024972,1,0,B,B,4,D,0,16.273848525559277,B,69.66260032303182,1,0,Нет
C,C,5,D,1,16.79134323593281,D,71.35360552380851,1,0,D,A,2,D,1,84.99631842246109,A,54.22700798327729,1,1,Нет
C,B,4,D,0,2.675213930389153,D,88.44198024861069,0,0,A,C,5,A,1,64.39944444002575,C,33.814740995718886,1,0,Нет
A,B,5,A,1,56.56040516631331,D,85.36641169175189,0,0,C,D,3,C,1,54.54736561596006,D,30.715034652395477,1,1,Нет
B,D,4,D,0,71.72169373683356,B,94.68648555666314,0,0,C,C,4,C,1,12.297382938823986,B,76.69311415694679,1,1,Нет
A,A,4,C,1,51.73719024446506,C,73.12181054954124,1,0,C,D,4,B,0,86.85458150997766,D,81.37738865072455,1,1,Нет
B,C,5,B,0,96.59248346115001,C,69.65981502591234,0,0,C,C,1,C,0,89.51252833557959,C,97.9179847347344,1,1,Нет
A,A,1,A,0,63.232467577892514,C,3.0581519526214906,0,1,D,C,5,D,0,17.186224756566947,B,93.7738825566529,1,0,Нет
B,B,4,D,0,98.22784220522908,D,46.48648566040365,0,1,A,D,3,A,1,45.48582308944915,C,19.352822794038815,0,0,Нет
D,D,1,C,1,10.305667415626186,D,70.83662235053777,0,0,C,D,4,C,0,50.32832583970488,B,44.695263006780635,0,1,Нет
B,A,1,B,1,54.18000005507104,C,97.01128511372282,0,0,A,A,1,A,1,0.41331904935648645,D,31.71133868825027,1,1,Нет
B,B,1,B,1,34.657608687334616,A,10.694495546237992,1,1,C,A,1,C,0,23.022418910873288,B,58.42677270705167,1,1,Нет
D,C,3,D,0,11.811859899954701,B,64.49866197814119,1,1,A,C,4,B,1,26.697778059779033,D,45.33680593839462,0,1,Нет
A,B,5,D,0,89.89173025861916,D,76.0041372768989,0,0,B,A,5,A,0,70.10727442917828,D,44.666938098521136,1,0,Нет
B,D,1,A,0,93.76472210184266,D,53.628580486508866,1,0,B,A,1,A,0,73.3263079673622,A,85.42148505686451,0,1,Нет
A,D,5,D,0,91.79073993258974,C,51.41427160989465,0,1,D,C,2,D,0,71.87630243730034,B,6.4993562752516665,0,1,Нет
C,A,2,C,1,36.785147017996835,B,5.582258247711181,0,1,A,C,1,B,0,36.494544571132295,A,30.157940751974166,1,0,Нет
A,A,4,C,1,28.46728473329665,D,12.191851536207476,1,0,B,B,1,B,0,57.26926128840204,A,20.186354226331837,1,0,Нет
D,B,3,B,1,87.55306070715386,A,12.698545946084261,0,1,C,B,5,C,1,81.33383423127583,D,16.850349035346735,1,0,Нет
B,A,5,D,1,38.729616747650674,B,45.76676518818451,0,0,B,C,4,B,1,78.22757970635558,A,83.94512324811309,1,1,Нет
C,A,4,B,1,46.9172520075668,D,49.81700927559303,1,0,A,C,3,B,0,78.5384717529159,A,82.76137427471349,1,0,Нет
D,A,3,C,1,21.710865849681028,A,79.91765770664101,1,0,A,B,5,D,1,56.019467851140135,B,28.612433627412205,0,1,Нет
A,D,4,C,0,33.89266246391082,B,59.84977004492117,1,1,C,A,2,C,1,37.350057496990466,D,18.347913540998583,0,0,Нет
C,D,3,B,1,74.58513986971525,D,18.528899960335576,0,0,C,D,2,B,0,11.735721872634286,A,72.14026688197809,0,1,Нет
D,A,4,C,1,20.669751713823626,A,17.386220994909994,0,0,A,B,5,C,1,43.28083431105726,B,57.67993315666974,1,1,Нет
C,A,2,C,0,39.61645125340709,D,0.3559446689947343,0,1,D,A,1,A,0,32.08729583259644,C,82.66348003949817,1,0,Нет
C,A,5,A,0,63.403519423191156,A,19.224240052997978,0,1,D,D,4,B,0,67.53659789106558,C,23.138499766857514,0,1,Нет
D,B,1,B,0,24.0276113888656,C,13.280345953020255,0,0,A,C,4,C,1,55.194811456733575,D,60.67329513562915,1,0,Нет
C,B,5,A,0,39.83981229322375,D,55.367660308799294,1,0,B,A,3,D,1,67.85276941362157,B,5.584689214532235,1,0,Нет
B,A,3,C,1,42.54953346987036,B,46.654399996482496,1,1,C,D,1,A,1,88.58919721226852,D,45.694808385860895,1,1,Нет
D,C,3,D,0,4.11668924896359,A,89.79654599195548,0,0,D,D,1,C,1,16.888218571971723,B,97.16531124562961,0,0,Нет
C,C,2,B,1,73.58773597588932,C,52.45955381069154,0,0,D,A,2,B,0,55.74895478008741,A,18.498577872278332,1,1,Нет
B,A,1,A,1,26.265092753223307,C,41.94896766141564,0,0,C,C,5,B,1,61.78897321635431,C,67.53189924878869,0,1,Нет
C,D,3,C,1,4.619354923976227,D,99.44862690069269,1,1,C,B,5,D,0,65.04655702910883,C,86.18990274912373,1,1,Нет
A,A,3,C,1,8.482583670649191,C,56.14030179424378,1,0,A,D,2,C,1,79.56189035277028,A,24.25930830731955,1,0,Да
B,A,1,D,1,42.69496908352398,B,68.93992050866021,0,1,B,A,2,B,0,2.3864657496972974,C,21.721707470102903,0,0,Нет
A,C,5,C,0,67.1924804361338,C,84.7150047133932,0,0,C,A,2,C,0,1.2220004196675016,A,78.63255443433808,1,1,Нет
D,D,4,C,0,87.71602347727695,A,96.12574410720869,0,0,B,C,2,B,1,9.064847324013137,A,43.98344643404785,0,0,Нет
C,A,1,D,0,48.60773169530175,B,16.15642274098007,1,1,D,D,3,B,0,33.26436896242233,D,39.62966670761172,0,0,Нет
D,A,4,B,0,54.517563484984464,D,29.046319202665806,1,0,A,B,1,B,1,18.11033746878924,B,21.947491401780596,1,1,Нет
D,C,1,A,0,27.66305458861069,B,5.46241390846186,1,0,D,B,3,C,1,18.74602719168833,A,31.012195811399557,1,1,Нет
C,C,5,C,0,90.96774467647933,A,26.213026237907766,0,0,A,A,2,A,1,31.35607800681689,A,23.431062378112333,1,1,Нет
C,A,4,D,0,37.75310159710735,D,99.00755621014049,0,0,C,D,3,C,1,99.70517217771109,D,50.024412337243064,1,0,Нет
A,C,1,D,0,52.810500915939386,A,70.3868022727413,0,1,B,C,3,A,1,54.55208990682635,D,40.90206817010205,0,1,Нет
A,A,3,C,1,57.731314794696544,D,93.27440592276157,1,0,A,B,5,D,1,58.94923241210154,C,66.28678544811528,1,0,Нет
D,C,2,D,0,38.72672419901604,D,54.03139558432771,1,0,C,D,2,A,1,86.207502998326,C,99.41517696088373,0,1,Нет
B,B,2,D,0,32.67843397737721,D,56.67813334177417,0,1,B,B,3,D,0,76.90467907750485,D,4.713020805416335,0,0,Да
A,D,2,C,0,4.619643230537262,B,77.8431973948241,0,1,D,B,2,D,0,22.587436865653377,B,22.71333220217102,0,1,Да
C,D,4,D,1,99.90760286870187,A,23.92958818596893,1,0,C,C,3,B,0,57.600481021975135,B,77.00207981587442,0,0,Нет
D,C,1,D,1,8.686900876603666,C,74.21073804313106,1,1,B,C,3,C,1,4.22169491629184,A,24.357717300452087,1,1,Нет
C,A,2,D,0,67.82008520073849,D,53.45276846148237,1,0,D,D,1,C,1,76.67831395668232,B,5.21034610725104,0,1,Нет
B,C,4,D,1,70.15161199326492,D,1.9432741213735394,0,1,D,B,3,A,1,35.92534741250451,B,35.31055732565568,0,0,Нет
B,D,4,C,1,63.11099854391239,B,11.346426116539487,1,0,C,B,5,C,1,46.3345413189005,A,85.97863645811239,1,1,Нет
D,D,5,D,1,42.41047802080693,C,50.7093868564445,0,0,C,B,3,C,0,88.85896306853348,B,87.02404185824255,1,1,Нет
B,D,4,D,0,98.88980820350656,B,21.951123801091164,1,1,A,B,4,A,1,1.960764214808619,D,85.61053573788783,1,0,Нет
A,A,4,B,0,30.502917755357917,D,7.149581721459186,1,0,C,C,5,D,0,19.083280717260386,A,2.3989037311732075,0,1,Нет
C,D,3,C,0,62.857183669619275,D,38.703382427347265,1,0,A,B,5,A,1,93.41744701962662,A,25.902312161905616,1,1,Нет
D,A,3,D,0,41.10402451473867,A,48.768511301251685,1,0,D,D,3,A,0,23.588968395748434,D,64.27469320667689,0,0,Нет
C,D,2,C,0,90.07996731676369,A,18.01912332825053,1,1,D,B,1,B,1,40.380155681937765,C,30.41760378932269,1,0,Нет
A,C,3,B,1,0.1744315891292758,D,20.440932336511665,1,0,D,A,3,A,0,82.03691618742978,A,91.96276241773322,0,1,Нет
A,A,3,D,0,96.98991085006145,A,47.302094628685744,0,1,A,A,1,D,0,98.89359802021657,C,20.155438394220237,0,0,Да
B,D,2,A,1,40.1938909495711,B,40.88858571870381,0,0,C,D,2,D,1,60.709706255001926,D,5.597018000585674,1,0,Нет
C,C,4,B,0,38.26028849377992,A,35.2595253352771,1,1,B,B,1,A,1,95.22856587751997,D,26.833688188513793,0,1,Нет
D,C,4,C,0,98.88279271431813,C,97.57878699174675,0,1,B,D,1,D,0,14.73431761551247,A,73.38855403072635,0,1,Нет
D,A,5,B,1,63.43434340388643,C,27.997754973662925,0,0,A,C,1,D,0,57.7935668347758,D,91.29170445078853,1,0,Нет
D,A,5,A,0,3.7446620957807597,A,17.07185642468093,1,1,B,C,3,B,0,37.93682091333488,D,22.99757478343437,1,1,Нет
A,D,2,B,0,65.98116960913426,C,35.40818732151997,1,1,B,A,3,C,0,0.9618199319994081,B,17.972115443374783,1,0,Нет
C,D,5,D,0,88.64367219414653,B,60.46585558972307,1,1,D,D,2,C,0,31.90079023016429,A,37.27189823607353,1,1,Нет
B,B,5,C,0,26.986226365376588,C,34.473602399583726,1,0,B,D,3,D,1,20.896277108469164,C,45.39794250654258,1,1,Нет
B,C,1,A,1,88.7533878419488,D,27.0801336954002,0,1,B,D,1,A,0,75.11753226910284,D,46.93598250516604,0,0,Да
D,A,3,C,0,95.5261781793497,D,94.89568530822721,1,1,D,D,1,D,1,82.85121857540894,B,53.855717708778386,0,0,Нет
A,A,5,C,1,84.70556691500461,B,17.402901004385342,1,1,C,D,5,C,0,96.08249475737658,A,73.18664688890372,0,1,Нет
C,D,2,D,0,75.11294238332258,A,80.32356738467003,1,1,C,B,2,B,1,46.088747091957536,A,92.70843914983988,0,1,Нет
C,B,3,C,1,45.3499836018313,A,87.47703396274349,1,0,A,A,1,C,1,55.647915296020365,C,59.282471799341074,1,0,Нет
D,C,3,D,1,40.86364823603774,A,80.99574984928695,1,0,C,C,5,D,1,65.00065568029275,B,26.252610999114147,1,1,Нет
D,A,5,B,1,60.02133583732764,B,67.55026667764392,0,0,D,A,1,B,1,95.04457904397844,C,29.539767775201387,0,1,Да
A,C,1,C,0,60.71315557967283,C,21.178873466206095,0,1,B,D,3,C,1,18.66310428194383,B,59.85576104763511,0,0,Нет
D,C,5,B,0,93.28205673224733,C,57.69253496915978,1,0,A,A,2,A,1,30.802373241820135,D,5.408806043935355,1,1,Нет
A,D,4,A,0,63.22182209459479,B,95.28560135135145,0,0,C,D,5,A,0,99.18630455552781,A,82.80222009930806,1,0,Нет
C,A,3,B,1,95.95543189632463,D,5.011260906493509,0,0,B,A,4,C,0,74.85330406295807,D,24.17342975581198,0,1,Нет
B,D,3,C,1,89.1040750752916,C,37.07369153048303,0,0,B,D,2,C,1,51.9932204769464,D,98.62424677796409,1,1,Нет
C,A,4,B,0,21.20694123088195,B,57.270978163764006,0,0,A,B,5,C,1,26.69520148301724,B,72.22379894860684,1,1,Нет
C,C,2,B,1,53.955084466369904,D,6.466495697117192,0,0,D,B,1,A,1,42.597678671059334,B,60.888065981584774,1,1,Нет
B,C,2,D,0,81.09967225737103,A,58.87782229414612,1,0,A,D,5,B,1,0.26031308965700495,B,32.323832008031,0,1,Нет
B,A,3,B,1,22.38209770233951,C,64.01078010679464,1,0,B,D,2,D,0,6.318745900081546,A,90.59735225323793,1,1,Нет
A,B,4,B,1,53.130688200283984,D,81.95992257368853,0,0,D,C,1,A,0,89.16215400362029,D,99.61514078293735,1,0,Нет
C,D,5,A,0,56.75030946876499,D,46.86707552140087,1,1,A,B,5,B,0,19.257307414332836,A,91.6293368862447,0,1,Нет
A,D,5,C,1,33.893868781139766,D,48.87803755098435,0,1,B,A,5,C,1,42.62096750563773,D,89.51355553968222,1,1,Да
D,C,1,B,0,20.87295051248682,D,82.1085634745549,0,0,C,D,1,D,1,99.28657141485742,D,23.895009782225696,1,1,Нет
A,A,5,A,0,60.428169400990406,B,34.34932777565977,0,0,D,D,5,A,0,78.46716640904273,B,6.23330380713244,1,0,Да
B,D,3,C,0,62.62587459266765,B,94.92888244208335,1,0,C,C,1,A,0,48.35777878033133,B,42.7227083979694,0,1,Нет
C,C,5,D,0,21.69322195505282,A,53.66122902332799,0,1,B,B,4,D,0,69.73340050713014,B,26.62068466571531,1,0,Нет
C,B,5,D,1,77.25618705523632,A,65.95151729669381,0,0,C,B,5,B,1,38.73807634197494,D,23.977529636264062,0,1,Да
B,A,2,D,0,72.04393627188334,D,46.753500427538405,1,0,D,D,5,C,0,17.91965458968766,C,62.27764229195232,0,1,Нет
B,A,5,C,0,23.27247161768664,A,65.86179659721147,0,1,A,B,3,D,0,10.059730410138224,B,32.43813523281518,1,0,Нет
B,B,5,A,1,58.28621227798265,C,24.122711768101713,1,0,A,C,2,A,0,8.97091389120529,A,62.76466774125783,0,1,Нет
B,A,3,D,1,42.670346767172184,A,4.399106528342123,1,0,A,D,3,A,0,2.551084778178203,A,73.79487699844297,0,0,Нет
B,C,5,D,1,55.0940074348753,C,50.51496047447298,1,1,A,A,3,C,0,93.06022185894517,B,68.48637524731241,1,1,Нет
D,B,4,C,0,86.18883534943991,C,13.205410554383102,1,0,D,A,4,D,1,77.89636765895213,D,22.28208444511749,0,1,Нет
C,D,1,C,1,16.248018163957,C,9.240454502905916,0,0,C,B,4,A,0,37.98450264879795,B,94.4656715057457,0,0,Нет
B,A,3,D,1,63.307599145164176,A,7.321639222202014,1,1,B,D,5,D,0,90.57334697294672,D,85.17424717522633,1,1,Нет
A,B,2,D,1,58.32528940523226,A,12.042589088339916,0,0,C,D,2,B,1,7.244956904303246,B,70.83485769083602,1,0,Нет
D,D,2,B,0,89.24336042054004,B,97.89791687987444,1,1,C,B,3,C,1,87.61565418352384,B,14.197961670777193,1,1,Нет
B,D,5,C,1,16.881738135804447,C,43.319668659676125,1,0,D,C,2,D,0,34.83538800768054,D,24.06804722658673,1,1,Нет
D,B,4,D,1,28.1091751347896,B,46.296176780967045,0,1,A,A,4,B,0,57.73559347992068,C,99.40267574276092,0,1,Нет
B,B,1,B,1,10.755034893270976,A,34.90446627333097,0,1,C,C,5,D,1,85.52334285208515,B,15.705435366118047,1,0,Нет
C,C,4,C,0,10.061249767145275,D,30.71434103299957,1,1,A,C,5,A,1,84.43284799405107,C,17.494196311468325,0,0,Нет
B,A,5,B,0,1.8546254628792336,B,96.39723929401953,1,1,B,A,2,D,1,52.96997135290425,C,36.958569361505525,0,1,Нет
A,D,5,C,1,1.3843710143489951,D,35.778640947606775,1,0,C,A,5,B,1,52.346869293315365,A,16.40327320663819,1,1,Нет
D,D,2,A,0,20.072991139864705,A,37.230400075216295,0,0,D,D,4,D,0,71.08667871942116,C,18.519091397069133,1,1,Нет
C,C,1,B,1,14.692298139325288,B,23.22365604390484,0,1,C,A,4,B,1,3.3568839383008253,C,24.770242549807207,0,1,Да
C,A,1,A,0,7.38598910636874,D,42.888750530275445,1,0,A,B,4,D,0,41.82604623089886,A,37.05869608534622,1,0,Нет
A,C,4,D,0,35.672010062072054,B,34.398164903449945,1,0,C,D,3,A,1,38.03202221477042,D,99.83557710079644,0,0,Нет
A,D,2,B,0,58.08360844260615,A,64.10984002064498,1,1,A,A,3,D,0,94.98720465179798,C,20.42817041511781,0,0,Нет
C,B,3,D,0,18.493883972602642,D,96.96337246120031,0,0,C,A,3,C,0,24.640645517981795,A,77.58077988432498,1,0,Нет
D,D,3,A,0,84.36268400311994,D,91.65481685798501,1,0,D,B,2,A,0,74.66805615755389,A,3.2271847261689968,0,1,Нет
C,C,5,B,1,82.05778243515786,D,71.72579863736718,1,0,D,D,2,C,0,70.26253807522603,D,61.507783232603664,1,1,Нет
B,D,1,C,0,28.739456822220312,B,2.4361404525481634,0,1,C,B,1,D,1,2.31109165473965,C,48.340803469054464,1,0,Нет
D,D,3,D,1,90.4188431549064,A,61.7438605967762,1,1,A,A,5,D,1,54.98315506707788,C,36.442945242243276,0,0,Нет
B,B,1,A,0,17.563598366822543,C,56.37658249816283,0,0,B,A,1,C,1,54.303232547694805,B,87.1692085234678,1,1,Нет
D,A,3,C,0,74.65408721693692,A,1.1858181219874697,0,1,A,B,3,A,1,77.24626084043071,A,81.05036574966815,1,0,Нет
D,C,1,C,1,10.56282383268401,B,22.195957029575,0,0,D,D,4,A,0,34.49167652736435,C,76.18235294796779,1,1,Нет
C,C,5,A,1,85.85270191752757,C,63.76452456009134,1,1,A,C,4,D,0,7.943396341744824,A,80.1063306865472,0,1,Нет
C,B,5,C,0,69.41207585988376,C,25.291527570355655,0,1,B,A,2,A,0,31.217119888403644,D,17.97729761128689,1,1,Нет
B,D,1,B,0,59.73567367833999,C,56.75481124972765,1,1,B,A,5,A,0,77.80353191563046,A,23.822894268252227,1,1,Нет
A,D,5,A,0,52.395200323844016,B,43.01107714910506,1,0,D,C,1,B,1,10.16790210093964,C,67.67806470102039,1,0,Нет
A,C,1,D,1,2.7206130941209383,B,50.5313542500718,1,0,A,C,4,A,1,86.12846139700365,B,65.19804595854156,1,0,Да
D,A,3,B,0,2.4747743863854477,B,86.86146063356455,0,1,B,D,3,C,0,47.24427685031771,C,89.77707636766112,0,0,Нет
C,A,1,A,0,48.261591718584164,D,3.1705414078767924,1,0,D,C,5,D,0,86.14209014474716,B,49.40259063411138,1,1,Нет
D,C,1,A,0,5.474462896000665,D,42.384651106915385,1,1,B,B,4,D,0,16.844073057484053,C,99.76614019342408,1,0,Нет
A,B,3,D,0,6.744987945853376,A,37.97665485299009,0,0,B,B,5,A,1,13.934505430481735,C,92.6544404972983,0,1,Нет
B,B,1,B,1,8.844484179827273,B,85.0436148041431,1,0,C,C,4,C,0,94.46563877385275,D,55.16871293072606,0,1,Нет
C,B,2,A,0,86.07657971428002,A,38.70064876680289,0,0,A,B,3,A,0,70.01786773777798,A,3.097352877644133,0,1,Да
D,A,5,D,1,38.91041712215648,B,54.182737237602,0,1,B,C,3,B,0,96.5871281194367,A,26.046100417603547,1,0,Нет
D,C,3,D,1,47.24405244478971,B,70.32732171412304,0,0,C,B,1,D,0,6.490688672243539,A,66.7248465692133,1,0,Нет
B,C,1,A,1,64.310513540837,B,84.12393058374867,1,0,D,A,3,A,0,8.233920501810433,A,54.65556550429207,0,1,Нет
A,C,4,A,0,90.11367584952806,C,1.8207263482258873,1,0,D,C,4,A,1,89.62557438481605,C,0.5573098113373032,0,1,Нет
D,A,2,C,1,65.40365791537025,B,24.72760348854721,0,0,D,D,2,B,0,16.18937773403618,C,8.214320238491323,1,1,Нет
D,A,5,A,0,63.549212246049905,D,69.61988108767989,0,0,B,D,1,B,0,61.05796877342189,D,68.89970537304504,1,1,Нет
C,D,3,A,0,41.35637755496704,B,65.32139343263972,1,1,A,A,2,B,1,36.35259502584016,A,1.0068355720378008,1,0,Нет
C,D,2,B,0,34.5351342778356,B,0.4044133926306759,0,1,B,D,2,A,1,26.430982521943903,A,25.565126000896743,1,1,Нет
B,A,1,C,0,0.9792991965833164,B,87.83885262441746,0,1,C,D,4,B,1,98.36735562518348,A,57.92768799937201,0,0,Нет
A,B,4,A,1,42.94352220017774,B,97.08296276545695,1,1,C,C,5,C,0,57.84897036346525,B,63.75222289034592,0,0,Нет
C,B,1,C,0,0.2802637234803118,A,52.33662863792033,0,1,B,A,4,B,0,82.29987249127298,A,29.864299243530468,0,0,Нет
C,C,5,B,1,73.58773772658796,D,34.469504122495344,0,1,D,D,5,D,0,30.832092584940906,A,28.851343707155973,1,0,Нет
B,B,4,B,1,67.50804585824413,C,89.63560802859814,0,0,D,A,1,C,0,95.220678343667,D,49.38745670200312,0,1,Нет
D,A,4,D,0,34.864324355043244,B,87.53665362742854,1,0,C,B,2,A,1,83.37272678492235,D,43.955880331856925,1,0,Нет
D,C,3,A,0,12.451265214986885,C,67.8076506253645,1,0,C,C,5,A,1,12.672392113641761,A,65.19386718065276,1,1,Нет
D,B,4,C,1,7.46047947519084,C,12.873960696353526,1,0,D,C,3,A,1,87.65022611666498,A,42.930395963887925,0,1,Нет
D,B,5,B,0,95.689875873835,A,48.61087401552287,1,1,C,D,1,C,1,25.072663971278242,A,80.73746719103772,0,1,Нет
B,C,5,D,0,96.0526594748917,D,28.119733775273936,0,1,D,B,4,D,1,8.196543078040651,B,73.27954897611474,0,0,Нет
C,D,3,A,1,53.658489818197765,C,63.11750964063969,0,0,D,C,1,A,0,88.58960572696422,D,59.103383769001205,1,1,Нет
B,A,4,A,0,70.45620641268067,B,11.833483247522103,0,1,D,D,5,A,1,61.25109183099817,C,35.23996845927728,0,1,Нет
A,B,3,B,1,87.54639213596664,B,36.56767364086435,1,0,C,B,2,A,1,36.00513941330307,B,99.30233644472362,0,0,Нет
C,B,1,B,0,7.107564051376725,C,44.020876887840124,0,0,A,D,3,D,0,78.9395765680035,B,49.39851385536963,0,0,Нет
B,D,2,B,0,18.589750118439174,D,53.30899340624884,0,0,B,B,5,A,1,36.70080851745541,D,86.59293612804525,0,0,Нет
A,B,2,A,1,16.953706997987407,A,59.07718464322522,0,1,C,B,3,B,0,55.87051454147647,C,65.31870868431191,0,1,Нет
A,D,2,A,0,42.72227619184192,B,81.00421728346451,0,0,C,A,5,A,0,10.359904148620947,D,35.97196914219233,1,1,Нет
C,A,2,B,0,21.513058381342866,A,13.026580626271144,1,1,C,A,2,B,1,89.64589392978304,D,58.82395063307532,0,0,Нет
A,B,5,C,0,3.8916717822548685,C,52.04087326797645,0,1,D,C,2,B,1,41.48443727047484,B,89.62887803270537,1,0,Нет
D,C,1,B,0,89.42292710096521,A,44.08145092952213,1,1,B,C,4,A,0,73.18313295429161,D,4.429176206133112,1,0,Нет
D,A,5,C,1,36.94601648463265,C,53.61485137344742,0,1,D,A,4,A,0,89.96854716122046,B,1.0305488487487913,0,1,Нет
C,A,2,C,0,37.46934048094877,C,19.854654035044106,1,1,B,B,1,C,1,90.42785180658984,C,87.05097050154116,0,1,Нет
A,C,3,B,0,51.654816310584515,C,61.666937220838356,0,1,C,D,1,A,1,15.756954379915356,D,90.91214149409255,1,0,Нет
C,C,5,B,1,33.03958782551386,C,85.11727291384803,0,0,B,A,5,C,1,23.298316094760086,A,9.69687043333467,0,1,Нет
A,B,3,C,1,96.97089006992616,B,35.390917882576865,0,0,A,C,4,B,0,72.27064620873763,C,1.124388475366822,0,1,Нет
B,B,5,A,1,72.05983152764415,C,1.4521981238859505,0,1,A,B,3,A,0,20.127964653550634,D,70.84491764763688,0,0,Нет
B,B,5,B,0,20.84270061623582,D,64.6480590112843,0,0,D,C,3,B,0,28.782643006271925,C,36.773845916664605,0,0,Нет
D,C,5,B,0,95.86003482058898,A,27.736703655509864,0,0,D,D,4,C,0,33.62126195383247,B,81.16925094392248,0,1,Нет
B,B,5,B,1,23.274852843272996,B,50.46292301997832,0,1,B,B,4,C,1,13.99990248983255,C,25.992492741749594,1,1,Нет
B,A,4,D,1,78.34921773434579,D,85.6048568323048,0,0,C,B,3,C,1,48.954861935969575,D,4.035363261129232,0,0,Нет
C,D,1,A,0,82.59730930463526,C,27.240581153144415,1,1,A,D,3,C,0,33.78025914884493,B,14.999470409983262,1,0,Нет
A,C,1,A,0,42.62269103405472,D,92.2638948845978,0,1,A,A,1,C,1,9.360927536444418,A,44.591100655745166,0,0,Нет
D,D,5,D,1,14.730930060659219,A,19.680942132981617,0,1,D,A,3,C,1,50.64666045335009,B,58.696420510404536,0,1,Нет
A,A,4,A,1,23.2891261870516,D,89.24166622023381,1,0,B,C,5,B,0,72.10803183287993,D,27.851507790181362,0,1,Нет
A,D,4,B,1,73.20575991815117,A,43.38170366309737,1,1,A,A,1,D,1,75.61724452048621,C,4.356938145140543,0,0,Нет
B,A,3,A,0,35.451325529753404,A,77.50732071516744,1,1,C,D,3,D,1,91.6530008896955,A,99.52888094721347,1,1,Нет
D,C,5,B,1,22.967444420093962,A,78.31454651813156,0,1,B,A,5,A,1,20.96936789805245,C,27.55214129629597,1,1,Нет
C,D,1,A,1,48.01732883576091,A,37.27269484173428,0,1,C,C,4,B,1,3.420767570816663,A,56.23704686777099,0,1,Да
C,A,4,A,0,39.39872159220179,A,69.92201912608313,1,1,B,B,2,A,0,25.862340888771673,A,67.49945778400335,1,1,Да
C,D,1,D,1,68.68770545301248,C,4.755107526845881,1,1,D,A,4,A,1,96.44238831644351,A,14.644218416972954,0,1,Нет
D,C,1,D,1,70.11811820854335,C,14.797847032490685,1,1,C,C,5,C,0,39.50508267946255,A,9.09498771816648,0,1,Нет
B,D,3,A,0,70.5200198451026,D,58.47831276908985,1,0,C,B,4,C,0,97.2708285973626,B,85.52597294552545,1,1,Нет
D,C,5,C,0,86.10200241748953,C,80.91997899464661,0,1,C,C,1,D,0,35.73338886531335,D,89.93994434973938,0,1,Нет
A,B,1,B,0,28.434290395156626,D,32.024151259976165,1,0,C,D,5,A,0,26.310536432797583,C,15.776208480375175,1,1,Нет
B,D,2,B,1,28.389300090016135,A,62.93664311328888,0,0,D,B,1,B,0,94.57309477429153,D,55.27054396357236,1,1,Нет
A,A,3,A,1,0.5825406892748353,C,50.23617528820282,0,0,C,B,5,D,0,86.00009012884799,C,6.836892225220625,0,0,Нет
D,C,2,A,0,45.90926775574633,B,62.032943502105894,1,0,A,C,3,D,1,22.885969234404868,C,5.192208608503357,1,1,Нет
B,A,3,A,1,41.748169308325735,B,82.06190860068843,0,1,B,D,1,B,1,17.978859956124772,B,3.6138026978165594,0,1,Да
C,C,5,A,0,57.38473162991995,B,67.94390579589327,0,0,A,A,4,A,1,93.33010353409641,A,0.9388775635568503,1,0,Нет
C,B,3,A,0,95.76710210304753,C,74.34981785835697,0,1,C,B,2,A,0,70.88797211989673,A,46.59617555411985,0,1,Да
D,A,4,B,1,40.79564837483064,A,61.700187469552446,1,0,A,C,3,B,0,82.52901051648519,C,13.735042743213,0,1,Нет
A,B,3,B,0,11.14526011864897,B,99.17601794678347,1,0,D,A,2,A,0,89.25459741457796,C,24.79256643771608,1,0,Нет
B,C,2,D,1,69.93152381540317,B,43.141840459930236,0,1,D,C,1,A,0,59.73093240249906,A,12.77663270858016,1,0,Нет
B,B,3,B,1,34.50391304934377,A,12.950253638599774,0,1,C,A,2,C,0,6.042348124431696,B,86.01011454527497,0,1,Нет
D,C,4,B,0,74.02692420888864,C,67.33724164417457,1,0,D,A,3,D,0,44.981939108309774,B,7.387155637097997,0,1,Нет
A,A,4,B,0,17.892066823103235,C,51.034225296065664,1,0,B,C,2,C,0,81.87614478952825,C,90.36197593660363,1,1,Нет
D,B,2,D,0,61.94407783576572,B,40.3491592258345,1,1,C,B,1,A,1,3.1480983885377234,B,9.778481054120537,1,1,Нет
D,C,2,B,1,55.0772660371427,D,1.8149254657377045,1,1,B,B,1,A,0,81.80844737345582,A,76.63396417949684,0,0,Нет
C,C,1,B,0,15.933044790599771,B,67.67897053294661,1,1,D,B,5,A,0,63.6869126019804,C,60.059661007124845,0,1,Нет
C,B,5,B,0,54.305817396431124,B,91.47357666639513,1,0,D,B,5,A,1,3.6486465207649754,B,6.11442817563439,1,0,Да
C,B,5,A,1,67.8762529612309,D,41.44571471956474,0,1,A,A,1,B,0,37.835812387211206,D,3.834689614028386,1,1,Нет
C,A,1,C,1,80.94938751402243,C,35.45065414172481,1,0,D,B,1,C,1,95.90898656692393,D,40.49412215758329,1,0,Да
A,D,3,C,0,26.55019603364709,B,24.338021780652973,0,1,A,D,3,A,0,22.359231019725513,C,31.111613110498126,1,1,Да
A,A,5,B,1,24.556447287178894,D,95.95623778856938,1,0,A,B,1,A,0,24.60309649794984,D,30.152897875657814,0,0,Нет
C,C,3,A,1,25.717940590042375,A,56.26352671308275,0,0,B,B,2,A,0,23.849392473413022,C,89.04999693742647,1,1,Нет
D,B,5,D,0,95.36415044145713,B,11.853565639330121,1,0,B,D,3,B,1,25.792887260950405,B,61.454418072719655,1,0,Нет
D,A,5,B,1,30.359943651482524,C,38.659374665163135,1,0,B,C,5,C,0,0.4742526896504784,D,33.56868543561276,1,0,Нет
C,C,1,C,1,24.106067896789828,C,11.500733077437141,1,0,B,B,1,C,0,63.62448458000686,B,32.77254708269718,0,0,Нет
B,C,1,D,1,75.80390014479508,B,91.69739768346601,1,0,B,D,4,A,0,37.9570471331873,A,70.91878124552315,0,1,Нет
C,C,4,B,1,11.694669331593776,C,86.45164771436997,0,1,A,C,5,C,0,82.02328530429092,D,31.016603567379786,0,0,Нет
C,D,4,A,0,54.90055951836204,A,85.87467607790758,1,0,D,D,2,B,1,72.26199466149454,A,38.132701608719486,0,1,Нет
A,B,3,D,1,91.31853303300292,D,94.50844560089575,0,0,C,C,3,D,0,43.066052126311625,C,59.903817075940566,0,1,Нет
C,A,2,D,0,98.99753257200736,B,20.205125978183393,1,1,C,D,1,B,0,45.258658611837376,D,90.20539869416805,1,1,Нет
C,C,3,A,1,77.62191801696349,A,8.416523360748885,0,0,A,C,5,B,1,79.3613766777028,B,91.60279533118592,1,1,Нет
C,D,3,C,0,80.13030071911196,D,34.54502857358675,1,1,D,B,2,C,1,88.84288248720826,C,86.62193717314149,0,0,Нет
A,C,5,A,1,59.269279471183644,B,1.1354279826623181,0,0,D,D,5,B,1,64.10940279293553,D,37.38275955333135,0,1,Нет
B,C,3,C,0,44.77314093763115,B,32.81360204983651,1,1,C,A,1,A,0,46.85149321601533,D,30.88316067843011,0,1,Нет
D,C,5,A,1,48.95866976302913,A,47.849501836670605,0,1,A,B,2,A,0,9.631397136199805,C,79.22326462865908,1,1,Нет
B,D,5,A,1,46.39874648661814,A,71.56597715358211,0,1,A,C,4,C,1,41.30339734753535,D,11.133922088688841,1,1,Нет
A,B,4,B,0,49.282813238322966,A,22.198629876227493,1,1,A,D,5,C,1,2.319985999375429,C,74.22498213410074,1,1,Нет
D,A,3,D,0,77.93712513980246,C,41.59684027382142,0,1,A,B,1,B,1,19.04499193690978,C,58.324106639178595,0,0,Нет
D,D,2,B,0,28.51828406281215,B,91.71104092563871,1,0,A,A,2,B,1,42.38144347825271,C,74.73800362071924,1,1,Нет
A,B,5,A,0,21.852521393465096,D,54.419708950764914,0,1,C,D,1,C,1,76.21048731309358,A,93.58210653015584,0,0,Нет
A,C,3,A,0,98.75143196700283,D,35.15955370131778,1,1,B,C,3,B,1,75.96046043239409,D,23.719643425568893,1,0,Нет
A,B,2,B,1,13.561365205132148,A,36.50570362118268,0,1,B,D,5,C,1,3.358331273489412,B,85.31026221144413,0,1,Нет
A,A,4,C,0,71.37330885995607,A,62.457609657298974,0,1,D,A,3,C,1,19.087474287877406,A,70.68351801980619,1,0,Нет
C,D,1,D,0,57.84913889093751,A,13.329570359927645,1,0,C,B,3,D,0,14.935477876756487,C,96.4178221496727,0,1,Нет
D,A,5,D,1,14.922466500462273,A,68.34111089764596,0,1,B,A,2,A,1,55.2229561444347,C,78.56391676079578,0,0,Нет
A,A,3,D,1,4.952221631360832,B,40.90087217722096,1,0,D,B,5,C,0,56.67279771113066,C,95.48305488493764,0,1,Нет
C,C,5,A,0,81.49129469398221,D,16.482059239932767,0,0,D,D,3,A,0,4.194233551121451,A,15.344445918767812,0,0,Нет
C,B,4,A,0,16.900563172120208,A,15.194660691462502,1,1,D,A,5,D,0,8.254302036869,D,36.62241963202032,1,1,Нет
A,A,3,C,1,20.95729004767216,D,75.6829137294396,1,1,A,B,2,A,0,57.738807413852115,C,52.827490221264085,0,0,Нет
D,D,1,A,0,66.34286422770279,C,95.0468594150236,0,1,B,B,4,A,0,95.51525832225907,B,43.559798697544785,1,0,Нет
C,D,2,C,1,60.11502034116004,D,82.96167423002586,0,0,C,D,4,B,1,28.499046428364792,D,62.03425343651442,1,1,Нет
A,B,4,B,1,26.249757003702044,C,47.69639758394643,1,0,A,B,3,D,0,88.39258300933511,B,26.502232525444402,1,1,Нет
A,C,3,B,0,89.50958952257399,D,77.8580022322513,0,0,C,C,2,B,1,87.17886244674501,C,45.07310350255796,0,1,Нет
B,A,1,B,0,75.17700536911552,B,26.195168884151798,0,0,B,B,5,C,0,6.739862261086227,A,47.72698113049236,0,0,Нет
D,C,5,C,0,63.52878192730274,B,63.57248543451759,1,1,A,A,5,A,1,37.002139323076236,A,28.584132221042047,1,0,Нет
C,C,2,C,1,26.444294458408134,D,69.04561826582638,1,0,A,B,4,D,1,98.28902923482124,D,1.6669291361654404,0,0,Нет
A,C,4,B,0,21.720686965574377,C,0.2590169922315977,1,0,C,D,4,D,0,86.71122841239426,A,79.9350128228854,1,0,Нет
D,D,5,A,1,33.31054675374975,C,69.72126205110773,0,1,C,C,3,B,1,88.70583112504072,B,45.76090986563813,0,0,Нет
B,B,1,C,1,81.34102898024187,A,82.80223873051497,1,1,D,B,3,A,0,98.42699144504277,D,71.09153496007828,0,1,Нет
B,D,5,D,0,21.992447920864212,D,22.491920447466274,0,0,A,C,3,A,0,84.0931743329275,A,25.517615732187902,1,0,Нет
C,D,2,A,0,68.46926023827386,D,0.2886002399522303,0,0,C,D,2,C,0,80.07958230560278,C,73.12140621920028,1,1,Нет
B,A,5,D,1,35.09303449624161,A,10.93675532487226,1,1,B,D,4,A,1,94.31264172553271,D,46.45568232695678,0,0,Нет
D,C,5,C,0,10.948294532424462,B,37.252428045151945,1,1,D,A,5,C,0,86.66090416697314,A,74.07558190690648,0,1,Да
B,D,3,C,1,39.3250990350258,C,82.82038166449618,1,1,D,D,4,D,1,98.99899965982439,D,78.83282177528284,0,1,Нет
C,C,2,B,1,66.9745396878116,D,32.7422123762777,1,0,D,A,5,B,0,7.672369931029477,B,46.127588771903994,0,1,Нет
A,D,3,C,0,92.20111898442123,B,26.510355392997166,0,0,D,C,4,A,1,55.82160553190053,D,99.88908860580692,1,0,Нет
B,A,1,B,0,20.59828181889527,A,54.75833474846461,0,1,B,D,2,B,0,86.67510976144486,C,8.991594899113586,1,0,Нет
A,D,2,B,0,99.09693858435298,A,96.62864382457195,1,1,C,D,4,D,0,23.481398990079462,C,74.14912585128027,0,1,Нет
B,A,3,A,0,91.09713828199395,D,90.22724924081906,1,1,A,C,5,C,1,42.110006236010776,A,32.52077932810037,1,0,Нет
B,A,2,D,1,54.09420882547023,C,55.136983001543186,0,1,D,B,5,C,0,9.213862039397092,B,75.41414887228449,1,0,Нет
B,D,3,C,0,11.859839241475001,D,11.23944720655935,0,0,A,D,3,B,0,50.973845285318674,D,82.22593555471582,1,1,Нет
B,C,5,A,0,10.577554391691645,A,90.01287174845822,1,0,B,D,1,C,1,43.7782034305623,C,16.485527799949928,0,1,Нет
C,B,3,B,1,67.36747445093837,C,63.41292719408287,1,0,D,B,2,B,1,31.427764819912497,B,88.69719611117442,0,0,Нет
C,B,1,D,0,92.14774179253448,C,69.08074670476762,0,1,A,D,2,A,1,44.90639428812394,D,76.6455850044793,1,0,Нет
B,C,4,B,0,17.662531085514523,B,59.46375897148665,1,1,B,B,4,C,1,90.44785549462996,B,34.04043265045914,1,1,Да
C,A,2,D,1,75.58088929569145,B,30.442567002670053,0,1,D,B,3,C,1,91.64788655420891,B,66.89972913982629,0,0,Нет
B,D,3,C,1,14.331117043745445,C,17.0921685244111,1,0,A,C,5,A,0,72.7113494181445,B,17.870539380708806,0,0,Нет
C,A,4,D,0,99.74213594050852,A,49.48600458621482,0,1,C,C,4,B,1,88.83024521057634,C,88.77431908982582,0,0,Нет
D,B,1,A,1,9.555813078679654,A,57.29909653256975,0,1,A,D,3,C,0,84.66668074197054,D,43.89584704414718,1,0,Нет
A,D,4,B,1,62.28764452272366,D,20.526795213173166,0,1,D,B,1,C,1,93.88022667271878,C,53.08242074229847,1,0,Нет
C,D,1,D,1,8.007835546954434,A,71.0779876041703,1,0,B,A,3,A,1,82.88069423955471,A,95.26045186643458,1,0,Нет
C,B,5,D,0,97.84432431225231,D,95.1566512921993,0,0,B,C,4,C,0,3.6478639800220702,D,74.16569178662562,1,0,Нет
C,C,4,D,1,5.898967799507737,D,38.955416669717046,0,1,D,C,5,A,0,61.917549707676656,D,6.196660358507988,0,1,Нет
A,A,4,D,1,69.26402099594623,B,85.34510988876887,0,0,C,B,1,C,0,37.444325060021285,A,40.72869944754789,1,0,Нет
D,A,2,C,0,49.3749186181498,A,31.782238459000546,1,0,D,D,1,C,1,75.24628912626292,C,99.86201208141745,0,1,Нет
A,B,4,A,1,80.1611852580875,B,64.06158223104204,0,0,A,B,1,B,0,87.16780083795396,A,62.481056221819884,1,0,Нет
C,B,2,A,1,78.72356620333969,D,44.49413178767245,1,0,B,B,4,C,1,24.935240789298717,D,26.60691586260615,1,1,Нет
B,C,3,C,0,1.0890888881744387,C,93.92865783589534,0,1,C,A,2,B,1,9.293110220045387,D,42.36597685521403,1,1,Нет
C,A,2,A,0,90.11730710329475,D,43.903802629726385,1,0,D,B,4,D,1,91.98511431094451,B,85.9370276668766,1,1,Нет
C,C,5,A,1,66.54789408404056,C,15.36110989312679,0,1,D,C,1,C,1,57.499080080918056,B,62.932204640223176,0,0,Нет
D,C,4,C,1,86.69450380153758,A,76.29192328178681,0,1,D,A,3,C,0,36.46508392966684,B,47.226194744408126,0,0,Нет
B,C,1,B,1,11.609660170700465,A,43.38898220772956,1,0,C,D,3,A,0,91.2010053556745,C,27.837368547010566,0,1,Нет
D,C,3,B,1,26.016832153519186,A,40.22171251397906,0,1,A,C,4,A,0,37.61896660759794,D,0.8933322508584474,1,0,Нет
B,A,5,C,1,1.6315933887962042,A,18.31638329893296,1,0,D,C,3,A,1,93.02873066319056,C,31.6779369149956,1,0,Нет
B,C,4,D,0,96.58370785974103,D,34.87118320173629,0,1,A,A,5,D,0,0.9422332978568204,C,23.62983979716109,1,0,Нет
D,A,2,C,1,48.84193049172896,B,72.2602578104903,1,1,C,D,1,B,1,24.092360434851358,D,94.10441878039471,0,0,Нет
A,C,4,B,0,7.434790327911744,B,32.64265340096182,0,0,C,A,5,D,0,44.070737850457085,D,99.96990413203608,0,0,Нет
B,C,1,A,0,60.57139376417139,D,25.535442486345183,1,0,B,B,2,B,1,96.66073335492705,D,8.497013962798095,0,0,Нет
A,C,3,C,1,11.905297442472628,C,23.24842720367457,0,0,D,B,2,C,1,17.487424536873352,A,76.19651503709959,0,1,Нет
B,C,1,A,1,10.29421751594468,A,72.48962271001709,1,1,A,B,4,A,1,77.29556905747489,B,8.497585120749596,0,1,Нет
A,C,5,D,1,6.1763749353898945,A,89.89573043435944,1,1,A,A,3,D,1,68.18090940977703,B,62.4098264387988,0,0,Нет
A,C,4,B,1,63.565141916285775,B,14.708825277799153,1,0,D,C,5,C,1,3.8960253017260804,A,28.804940926606783,1,1,Нет
A,D,1,D,0,49.522917557516735,D,89.57211784204524,0,1,D,D,2,B,1,46.383143792642386,C,60.6691538373435,0,1,Нет
B,D,5,D,0,10.223865592193338,C,15.14354409401838,1,0,D,B,1,C,1,20.439242810259383,A,64.10491417833958,1,1,Нет
C,D,5,B,1,92.79805493249978,B,94.82500178957805,0,0,D,B,3,B,0,57.87519281990306,C,9.947450392225987,1,0,Нет
D,C,3,C,0,35.163445086101476,C,55.65990026332225,1,0,C,C,4,B,1,66.97733333710941,D,90.34962285238649,0,0,Нет
C,B,1,C,1,64.86967182605802,B,16.712895124404948,1,1,C,C,4,A,0,62.63102416350983,C,4.483326424168677,1,0,Нет
D,C,2,D,1,17.320872117159603,B,95.13887916892804,0,0,B,A,1,C,1,78.89872609920506,A,7.014225311502853,0,0,Нет
B,A,3,D,0,44.77578313947762,C,48.814708222021764,1,1,C,D,5,A,0,74.95038194698436,B,32.21230176419822,1,0,Нет
C,D,4,D,1,72.1269756602404,C,45.14687620599851,1,0,B,A,3,D,1,72.66294564785441,C,27.28908478703833,0,1,Нет
C,C,1,B,0,96.81508737353117,B,55.736657411091485,1,0,B,B,5,D,0,34.74382839911867,D,6.519924643612052,0,0,Нет
D,C,4,A,1,6.777953948347982,D,93.67835190967985,1,1,A,D,1,B,1,51.31556486948045,B,25.226430523630683,0,0,Нет
D,C,1,C,0,57.075017695561606,D,93.20088961762276,1,0,B,D,4,A,1,92.76732765224061,C,11.54647486317366,0,0,Нет
A,B,1,B,0,51.22478248165354,B,20.329949274054073,0,0,D,D,5,D,1,90.91177984611768,B,23.073507042784193,1,0,Нет
B,B,4,A,0,16.349110608498464,C,36.924876665741266,1,1,B,A,3,B,1,92.21006733475231,B,91.52908038005883,0,1,Нет
D,D,4,A,1,85.46253570558994,B,79.32818204842646,1,0,B,A,5,A,1,84.73558850987428,D,1.9059493966667618,1,0,Нет
B,D,1,C,0,71.9803088762911,D,73.82265258046553,1,0,C,A,5,B,0,38.79811786288562,A,61.36723417374994,1,0,Нет
D,C,1,D,1,85.71647919943325,A,6.186774976412524,0,0,D,A,2,A,0,31.08490871129116,A,57.02309004998656,1,1,Нет
D,C,4,D,1,1.9568497151818631,D,34.12608912932512,0,0,B,C,2,D,1,24.166545028588004,C,17.583367811658658,0,0,Да
A,B,2,D,0,51.32248537872993,D,49.62112877039721,1,0,A,B,2,D,1,41.84859293641261,A,75.99247298959625,0,1,Нет
A,C,5,C,1,90.1685071218534,C,85.09926755263056,1,0,A,D,3,B,0,32.82439443195716,A,41.210724123936735,0,1,Нет
A,D,1,A,0,82.15119932817477,A,88.38778720343753,1,0,C,B,4,A,0,3.8951905262869513,A,71.3396083354849,1,0,Да
D,A,1,A,1,87.96892453902085,C,78.928883621456,1,1,A,D,3,A,0,10.627038992728366,D,74.91846735774541,1,0,Нет
D,A,4,D,1,65.76286770029391,C,98.01553321818687,1,0,C,B,5,A,0,70.14395607851857,A,15.990681557157993,0,0,Нет
B,A,1,D,1,76.46144355724384,D,0.47382932883893725,1,1,C,C,5,D,0,20.836791037699886,C,34.010739168777036,0,1,Нет
B,C,2,B,1,85.39607303530481,B,33.778209955844005,0,1,C,C,2,A,0,73.00301203311399,B,98.76129701489165,1,0,Нет
C,A,4,C,0,16.40228422534844,A,45.297242067092824,0,0,A,B,3,B,0,69.12179532238342,B,33.769741439942834,1,1,Нет
C,B,2,C,1,13.647146904950791,A,29.659852239680607,0,0,D,A,4,A,1,0.4469157643907873,D,73.68363964645712,1,1,Нет
A,A,1,B,0,34.327139468137325,A,21.345609575709258,1,1,C,B,5,C,1,68.23876278866601,D,21.70836167166028,0,0,Нет
B,C,2,C,0,41.08360117477064,B,67.4919771159183,1,0,C,A,3,B,0,98.74969344142005,C,42.63913762323691,1,1,Нет
A,C,5,B,0,80.5353915644617,C,57.143371721934585,0,0,D,A,5,D,1,22.67208608814513,D,60.395440489439004,1,1,Нет
D,D,2,B,0,22.777214605366115,C,4.203767073046716,0,1,D,B,4,A,0,74.82491252170577,C,13.411253993808781,1,1,Нет
B,D,4,C,1,35.49083481503412,A,22.267869647322648,1,1,C,C,5,D,1,78.13359587167565,A,10.850727251320647,0,0,Нет
C,D,4,A,1,13.613483475886401,D,83.08415783134716,1,0,B,A,3,D,1,63.760022290332685,D,55.88878138764346,1,1,Нет
D,D,3,B,1,32.93416887833982,A,79.68211197435735,0,0,A,D,1,D,1,37.24676879225611,D,52.436664140634036,0,0,Нет
C,A,5,C,0,0.28606273208332533,C,97.9342630110443,0,1,B,B,2,C,1,12.823793791755843,B,74.01267210061094,1,1,Нет
A,B,5,C,1,88.99672693256215,C,85.46062181872547,0,1,C,C,4,A,1,22.142953751449802,B,8.976950745601453,0,0,Нет
B,B,2,B,0,81.75361656391362,D,78.05261757870915,0,1,C,B,4,C,0,46.37094946963226,D,72.83718519842789,0,1,Да
B,D,3,C,0,49.03406938743646,A,99.72756601908209,0,1,B,D,2,C,0,97.67118169971151,D,54.589647313739384,0,1,Да
C,D,1,B,1,9.575651422511921,B,55.80605174872937,1,0,B,D,3,B,0,77.15710565842771,A,74.21139791538248,0,1,Нет
B,C,1,A,0,3.7986033662844587,A,68.22429591406741,1,1,D,C,1,A,1,9.315952656872328,D,13.663759705000988,0,1,Нет
A,C,3,D,1,70.63714700160287,B,7.893450931201529,1,0,A,B,3,C,1,38.73888771582783,D,72.31887011616756,0,1,Нет
B,C,5,A,1,14.499970113605432,B,60.73616398485516,1,0,B,D,4,D,0,94.47666152925676,B,78.42928363678259,0,1,Нет
D,B,2,C,1,29.452377050726298,B,92.65394110012824,1,0,B,C,2,C,1,35.506920292929735,B,81.91954181820029,0,1,Нет
B,D,5,D,0,20.654398063907365,B,59.872927501482685,0,0,A,C,2,A,1,65.23354473488878,C,4.306437824382414,1,1,Нет
A,C,3,C,0,10.514332898468448,D,68.33818750206025,0,0,A,B,2,B,0,79.68555279139086,B,48.153294067015885,0,1,Нет
D,D,5,B,0,55.28836298052785,D,63.20315371244155,0,0,D,B,3,B,1,98.19826447673155,C,91.40137977588901,1,1,Нет
C,D,2,B,1,8.428164490870216,B,95.89785641233662,0,1,B,B,2,D,0,22.404294111188726,A,2.519269151389991,0,0,Нет
D,D,4,D,0,13.94051288256557,D,24.76357421112718,0,1,D,B,2,B,0,56.90583627965846,B,35.5134197099949,0,1,Нет
A,B,4,B,0,81.45893212135846,A,10.98044242693118,0,1,A,B,1,B,1,58.34134772013112,D,20.040124877775856,0,0,Нет
B,D,2,C,1,18.49003381810791,D,17.72303161507849,1,0,B,C,2,C,1,39.79706775133859,A,90.20924093759243,1,0,Да
B,A,3,C,1,55.337457148059,C,39.57428658214207,0,1,C,A,4,D,1,2.674060198688022,A,76.98543129682909,1,1,Нет
A,A,4,B,0,1.7650583445976475,B,88.64334971447757,1,1,A,C,5,A,0,95.91171326524157,B,34.15314392994865,0,1,Нет
D,A,4,B,0,91.87222088165747,A,18.881078312964483,1,1,B,A,3,A,1,1.0374726008457236,B,42.36737433548075,1,0,Нет
A,A,2,D,0,67.23862632300856,D,34.477838137614924,0,0,B,C,3,D,1,15.813129804329396,D,27.015584153435015,1,0,Нет
A,A,2,D,0,10.333215976462984,B,91.6911514175132,0,1,C,B,1,D,0,55.46925931515776,A,82.2220283371623,1,0,Нет
A,D,3,D,1,3.2543272528013034,C,69.01326887974703,1,0,C,C,3,C,1,75.70994185628902,D,76.91564639312118,1,0,Нет
C,B,3,B,0,66.418830544217,C,37.043657053484914,1,1,B,B,2,A,0,61.26802697101651,A,20.17755682174348,1,1,Нет
C,D,3,D,0,85.70075287936618,C,20.422019278297498,0,0,D,C,3,A,1,77.06436424091957,C,72.1079589478675,1,0,Нет
A,B,3,C,0,60.434035752928835,A,75.91247391388139,1,0,D,C,3,C,1,52.155003104932305,B,59.506295674414964,0,0,Нет
A,B,3,D,1,39.13758336500297,A,34.2757972265438,1,0,B,D,4,C,0,31.633688840430562,D,44.27910672926616,1,0,Нет
A,B,1,A,0,37.885230073095244,B,28.858024812364324,1,1,C,A,5,C,0,45.117461056433726,B,23.937192373077654,1,1,Нет
A,A,1,A,0,23.01136479098913,C,16.239566713810216,1,1,B,B,1,B,1,26.38221360289894,A,49.01780744152761,0,1,Нет
D,D,4,B,0,18.82254592935231,B,34.309415969379046,1,1,C,D,3,D,0,65.22927696576019,C,36.61409555060281,0,0,Нет
C,A,5,A,0,52.562661598220686,C,82.21953076920163,1,1,C,A,3,B,1,93.66407729540627,A,1.9026097930620822,0,1,Нет
D,D,4,D,1,92.80667484778927,C,37.850348917160545,1,1,B,A,4,A,0,41.768799316760926,A,38.882049780958575,0,0,Нет
B,D,1,D,0,75.74977573455102,D,91.67766591595975,0,1,C,C,1,C,0,72.34897687493647,A,92.35784886627391,0,1,Нет
C,C,3,B,1,16.755276741981017,B,56.11281141123609,0,0,B,B,3,D,1,58.54555300380883,D,65.37308742895159,0,0,Нет
B,C,5,B,1,85.19392631642071,D,46.14835562612419,0,1,B,D,3,D,1,18.060483299284837,C,38.15303908790902,1,0,Нет
D,C,1,C,0,8.996737956334755,B,21.369181776658674,1,1,A,B,1,D,0,94.6595933309387,C,9.620893801689512,1,1,Нет
D,A,2,B,0,94.67537051513672,B,15.738039799802927,0,1,C,B,1,C,1,23.938771630700973,D,90.70784837389016,1,0,Нет
A,D,3,A,1,68.18457085991466,B,7.757422932016034,0,1,C,C,3,A,0,86.8903445301621,C,57.87716175347239,1,1,Нет
B,C,1,B,1,97.49583624678912,D,18.36730076793315,1,1,A,B,4,A,0,97.45988895520648,A,60.534276305397384,1,0,Нет
D,D,1,D,1,86.32037509950776,A,56.80381184200362,1,1,B,C,4,C,0,50.64811410395112,A,56.39991044422011,0,0,Нет
B,C,5,A,1,99.63429245548328,A,88.03591642208428,1,0,C,B,3,C,1,56.65235970063435,C,63.68018089532029,1,0,Нет
A,B,4,B,1,85.92204978947385,D,78.42651459385925,1,1,D,B,5,A,1,0.31963423395081625,C,58.4959178543824,1,0,Нет
A,B,3,C,0,27.386604726896557,D,82.68144226790821,0,0,C,B,2,A,1,36.65356734456265,D,13.638363342489424,1,0,Нет
D,A,1,A,1,44.6840274221304,D,84.10128156538728,1,1,A,A,3,B,0,96.66585409556446,D,69.55561626398986,1,1,Нет
C,C,1,D,1,77.80177274186283,D,36.159665428680974,0,0,A,D,4,A,0,2.1044278757054724,C,49.033881586933425,0,1,Нет
B,A,3,B,0,46.27439095432314,D,16.434281116527703,1,1,A,C,3,D,1,69.14291084678956,D,29.382993471042795,0,1,Нет
C,D,3,C,1,8.306317167555955,C,22.905072706820096,0,1,C,C,3,A,1,5.668460602380943,B,56.81817667657908,1,0,Нет
C,C,2,B,1,36.51263863756451,B,78.18637418533719,0,0,B,C,5,D,1,68.55490670768316,A,11.9817223925338,1,0,Нет
C,A,1,D,1,10.494433503647382,C,95.84852803938861,1,1,A,B,5,D,1,75.59001829712594,A,87.79067402488597,0,1,Нет
D,B,4,A,1,94.27776148567257,D,29.62707522185046,0,0,D,D,4,A,0,39.885470744486675,D,2.161031971158678,0,0,Да
D,A,5,A,1,75.49967924885418,D,50.106347925340565,0,0,C,A,4,A,1,35.90291363133547,B,94.38841058113161,0,1,Нет
C,A,2,D,0,7.684455168156479,A,85.23082315874531,1,1,D,B,2,A,0,18.49017511747999,A,94.51330061895462,1,1,Да
B,C,1,B,1,42.45573838253212,B,29.117898258605535,0,0,D,D,5,C,0,67.93767446452021,B,35.56878685351852,0,0,Нет
D,D,2,A,1,98.67963363358031,B,74.39567195233498,1,0,B,D,2,C,1,20.293840171642465,C,81.69030064334008,0,1,Нет
C,A,5,A,0,70.84805819576823,C,40.691271217208715,0,1,C,B,2,D,1,33.8280210084812,D,77.5379165581786,0,0,Нет
D,A,3,D,1,37.76585778196725,C,16.931708068359306,1,0,C,B,4,A,1,0.4876836197276635,A,22.93345693611226,0,1,Нет
B,C,2,C,0,71.76465874889712,A,98.2082108900408,0,0,B,C,5,D,0,27.7578411737486,C,46.023852458656876,0,0,Да
B,A,1,A,1,76.42761018311835,A,47.40680124814469,0,1,D,D,4,A,1,62.82142914349762,B,83.04900503498199,0,1,Нет
D,D,1,B,0,21.851203171254074,A,90.79935974488622,1,1,C,B,3,A,1,88.06503161058885,D,90.75818263711581,1,0,Нет
B,A,1,B,0,62.042749913078346,D,61.52576390108791,0,1,C,C,2,B,1,98.47241838674937,B,35.86324623400662,1,0,Нет
D,A,3,C,0,61.037761684718284,B,96.06984068440224,0,0,C,B,4,C,0,34.854355941010986,B,5.901209368587579,0,1,Нет
B,A,3,C,0,46.004823705051656,C,34.47092916267472,0,1,B,B,2,C,1,16.897378515455628,D,7.494351764313089,1,1,Нет
B,D,2,C,0,63.539101359742745,D,17.221070193770473,1,0,D,C,1,C,1,30.14919587814182,A,24.688073492843344,1,1,Нет
B,B,1,A,0,42.757001850028345,B,52.327990501914975,1,1,B,A,2,C,0,30.955320726967074,D,55.805852234150336,1,0,Нет
B,C,4,D,0,89.7634044530877,A,41.27750850671561,0,0,D,D,3,C,0,56.35472767842125,C,62.64149285900499,0,1,Нет
D,A,2,B,1,34.69197145624828,D,59.40372112552698,1,1,A,B,5,B,1,30.749144519207526,A,50.69056226026919,0,0,Нет
A,B,5,D,1,64.70116671440978,B,89.42935169451233,0,0,D,D,2,B,0,27.117847446590137,D,71.4757831000713,1,0,Нет
D,D,4,C,0,56.563491485139636,A,97.8347708647754,0,0,C,B,2,B,0,21.783510827189467,D,1.201622441698702,1,1,Нет
C,C,4,D,0,22.296769929101224,D,46.78307250815872,0,1,B,A,3,A,0,73.60401730387134,B,80.84129056810909,0,1,Нет
A,A,5,D,1,0.34868819663090855,D,76.19994269844453,0,1,A,A,5,D,0,59.784035972623926,B,89.81888386683337,0,0,Да
A,D,5,A,1,52.68733358134844,A,96.87148168071347,0,1,D,B,3,A,1,44.715988979173716,A,72.7068950155531,1,1,Нет
C,A,2,D,0,27.085929580805924,C,77.55681865566902,0,0,D,A,3,A,1,32.447980389896905,C,26.02993132053698,0,0,Нет
D,C,4,D,1,32.567309622785004,C,8.250945559136225,1,1,C,B,2,C,1,86.14887706316094,D,39.92980174090317,1,0,Нет
B,B,2,A,0,25.260317700446656,C,22.38910531585234,1,0,B,B,3,D,0,22.363842226625042,B,24.90372305396229,1,0,Да
D,B,2,D,0,3.4112313714392384,B,39.99339407278737,1,1,B,C,5,B,0,47.066862148613474,D,20.071332401356013,0,1,Нет
D,C,4,C,0,16.968609267483803,A,9.286501084861554,0,1,B,C,2,B,1,31.041537466272274,B,84.43955650736021,0,0,Нет
B,C,4,A,0,71.24160635777041,C,31.767037269890785,1,1,B,D,1,C,0,41.95845414526141,B,19.16467493007532,1,1,Нет
D,A,1,C,1,24.874448097152545,D,9.601555927555715,1,0,A,B,1,D,1,67.6643905533605,D,74.22088114383433,1,1,Нет
A,A,3,D,0,28.275352284055,C,25.524733749569105,1,1,A,B,1,B,0,51.78925132146139,B,34.81072403890407,0,1,Нет
C,B,4,C,0,46.89653792088069,A,1.7236842535780839,0,1,A,D,1,D,1,30.85911259894273,D,38.67653218061984,0,1,Нет
B,D,2,A,0,32.59157748247243,D,7.712550446492205,1,1,B,D,3,D,0,40.20140884607294,B,34.85405478402183,1,0,Нет
C,B,5,D,1,48.66830869815209,D,64.96625950616097,0,1,D,A,3,B,1,24.542926234207506,C,85.2211867004698,1,0,Нет
B,A,2,A,0,72.45072977516112,C,46.125277901539555,1,0,B,D,1,C,1,37.552139165321066,B,5.081618892026841,1,1,Нет
C,D,4,A,1,38.74888230416333,B,53.2287917514358,1,0,D,D,4,A,0,15.70258135457021,C,83.72573561698154,0,0,Нет
B,D,1,A,0,8.686082447073861,A,80.90511073468363,1,0,A,D,4,A,0,78.1024790078868,A,98.15921137261098,0,1,Нет
A,A,5,A,0,76.71462156604915,B,9.43570335769076,1,1,D,B,5,D,0,86.84788830507404,B,86.64931277831019,1,1,Да
B,C,1,B,1,50.24285596861072,D,0.4599914713042219,0,0,B,B,2,B,0,67.96073063128456,A,77.51010675357804,1,0,Нет
C,A,2,C,0,65.08891730870255,A,74.91748339115219,0,0,D,A,4,C,1,38.804184496892226,C,99.42844467987901,0,0,Нет
C,A,4,A,0,98.33761583079283,A,91.81152432032563,0,1,A,B,2,A,1,98.8548493491529,C,25.29917693656212,1,1,Нет
D,D,4,B,1,99.5299106005959,A,30.965519939428443,0,0,B,C,4,B,0,50.77882415255727,D,54.59425729972948,1,0,Нет
D,D,1,D,0,3.759409693853699,B,63.3140158654936,1,0,B,D,2,A,0,65.42483688033042,D,94.7823715571083,0,0,Нет
D,B,3,C,0,88.03715871890515,C,30.345016549811376,1,0,C,A,5,B,0,33.48586754083177,C,85.41271646311269,0,0,Нет
D,A,2,D,1,36.544520475536146,A,56.948800782336974,1,1,D,B,2,C,1,64.69311931824657,D,9.155440023033401,1,1,Да
B,A,5,D,0,52.25559258059226,B,15.410617693708817,1,0,C,D,1,A,1,33.68360999317377,B,37.27956850002576,1,0,Нет
B,D,2,B,0,82.74954810487364,B,47.802903354938984,1,1,B,C,1,B,1,20.628446362710573,B,26.421728251775324,0,1,Нет
D,D,5,C,1,8.016632032007964,A,46.80294942064972,1,0,D,B,2,B,1,82.25205527403403,C,82.88124055522246,1,1,Нет
C,A,3,C,0,70.7057598232109,D,47.59137868645571,1,1,A,B,4,B,1,94.67566914018849,B,79.67745038468475,1,1,Нет
B,C,4,C,1,96.89730505978612,C,66.91375810402602,1,0,B,C,4,D,1,12.190844624212483,D,65.01040286903816,1,0,Да
D,C,5,C,1,99.78273538657875,A,62.31165464043366,1,1,C,B,3,B,0,40.914055473478584,A,81.91085067745719,1,0,Нет
C,D,4,A,1,84.33985769946014,B,36.459472768499154,1,1,A,D,3,D,1,52.489098162758054,A,45.65925583212152,0,0,Нет
C,A,1,B,1,30.71292582953604,A,52.91318480521316,0,1,B,C,3,C,1,16.237954089346097,C,87.38356306602618,1,1,Нет
D,D,2,A,0,88.70945364810446,A,85.97707684302436,0,1,A,A,4,A,1,0.8272869200989241,B,75.84895967389242,1,0,Нет
C,C,2,B,1,5.118152217876581,B,20.642445065633574,0,0,B,A,3,B,1,28.508487138662996,B,63.41664072506544,1,0,Нет
B,D,2,D,0,60.63920194997073,D,2.2999564889496615,0,0,D,B,4,A,0,20.661484346886837,C,73.65533549689071,1,0,Нет
D,C,3,C,1,14.475291304103699,C,72.28989234498036,0,0,C,D,3,A,1,48.669997094918095,A,51.45339514968694,0,0,Нет
B,A,4,C,1,29.11753005434211,A,23.700030791628247,0,0,D,A,5,C,1,43.1719576867999,D,26.901400561017386,0,1,Нет
B,C,4,A,0,0.429023969076503,A,78.05905082190944,0,0,B,D,5,D,0,95.00899764816822,C,30.24350028321372,0,0,Нет
D,A,3,A,0,2.622987883839989,B,24.887381812028508,1,0,C,D,5,C,0,5.249030586213799,B,18.39670773156873,0,0,Нет
D,B,2,C,1,82.73590762377702,B,27.397594391314318,1,1,D,A,3,C,1,76.8575868321418,D,1.5585322871764618,1,1,Да
D,D,1,B,0,47.99493752245425,B,29.232333830087665,0,0,D,B,4,D,1,60.52037314293146,D,77.50506408089231,0,1,Нет
C,A,2,A,0,48.19446991025627,D,41.784004358854034,1,0,A,D,5,C,0,20.24641586891134,A,86.71758584377058,0,0,Нет
D,A,5,B,0,70.29394824155011,B,78.81827445115694,1,0,A,D,4,B,0,19.63646135971984,B,30.537785172893006,0,1,Нет
D,C,5,C,1,2.7540879535979945,C,40.683354802595,1,1,B,D,2,C,0,61.45442058963424,A,39.5019029665314,1,0,Нет
C,D,1,D,0,86.98799851757634,D,23.83574541992918,1,1,B,B,1,D,1,81.35215002184542,A,99.32810118279887,0,0,Нет
A,B,4,A,1,70.28793304976662,B,68.2045573925443,1,1,C,C,2,A,1,62.193621029207556,D,4.248286110296229,1,0,Нет
D,C,4,C,1,60.679477043717434,A,26.28241640222666,0,1,A,A,5,B,1,35.763090808517674,A,81.11959730588961,1,1,Нет
C,D,4,A,1,79.16637447726448,A,57.916455249766265,0,1,D,D,5,A,0,2.9809774169540115,C,93.18248993577058,1,1,Нет
C,A,1,D,1,30.385939479762627,B,87.59046354394194,0,0,D,C,4,A,0,62.02055910341579,C,75.73643277625033,0,1,Нет
A,B,1,A,1,12.723533189834068,A,65.52646183943183,0,1,D,D,4,C,1,60.41146949041135,C,93.05272764502946,0,1,Нет
D,A,1,A,0,62.08819286872814,D,86.47841234270244,1,0,C,B,2,C,1,81.53768203905784,D,37.358263363443314,0,0,Нет
D,A,1,C,0,78.17443275308082,A,14.010130100117502,1,0,B,D,2,A,1,70.24490127471117,B,73.12075564343218,1,1,Нет
C,A,5,B,1,9.691156537899914,C,80.9810652287164,0,1,D,A,2,D,0,1.4379748112524404,D,98.47384718042049,0,0,Нет
D,D,1,A,0,94.09573414955675,B,34.35623349698186,1,0,D,C,3,A,1,19.789521694079703,A,93.44517186907493,0,1,Нет
A,A,1,B,1,73.17969043878524,C,96.52933155992967,1,0,A,D,4,D,1,56.58486310941717,D,46.722542993453,0,1,Нет
B,D,3,C,0,46.504950676225945,D,53.70838859622421,1,0,B,C,5,C,1,5.421943535770978,B,64.07772956980939,1,0,Нет
B,B,4,C,1,67.83514719739581,C,21.966151310571846,0,0,D,B,1,C,0,23.643008292216205,B,95.55320174670386,1,1,Нет
A,C,5,D,1,46.47700674649362,C,91.9788666095856,1,1,B,A,1,D,1,28.561660957480296,D,19.371485452005587,1,1,Нет
B,A,1,A,1,37.886616616069176,C,68.88751729341608,0,0,B,B,2,A,0,25.333435119501324,B,16.932453477533592,0,0,Нет
A,D,2,D,1,4.6635667475302345,B,75.74115319139932,1,1,B,D,1,B,0,30.869726402122055,D,91.25573785147726,1,0,Нет
C,B,3,D,1,1.3296572469985835,C,98.8041582701083,1,0,C,D,3,C,0,36.58618340872118,C,66.284944989656,0,1,Нет
A,D,3,B,1,93.05386094975788,A,40.94012183280763,0,0,D,B,2,D,0,17.452619960778115,C,5.458928243921768,1,0,Нет
C,A,1,C,0,73.40256787121736,A,30.75226796539764,0,1,B,D,1,B,0,90.35025366547386,B,72.07302496985392,0,0,Нет
D,C,2,D,1,82.95427668092682,A,51.970459314025554,0,1,C,B,5,B,1,59.39163634959584,A,25.669637481917718,1,1,Нет
D,A,4,D,1,11.296391327696377,A,89.01144601725558,0,0,B,B,1,A,0,55.97081415816242,B,60.83038421719477,0,0,Нет
D,A,4,C,0,58.48617239011822,A,26.00259501873007,0,0,D,C,4,B,0,59.51112117949198,B,54.09549722624685,0,0,Да
C,A,5,D,0,74.67771784133072,C,91.08450907578296,0,0,D,C,2,A,1,56.791607043214164,D,61.75998378440815,1,0,Нет
A,D,1,D,0,86.49001431455177,B,55.25190318994147,0,1,B,A,2,D,1,14.265266056282877,B,9.27080515044032,1,0,Нет
B,A,4,A,1,70.04395897074424,B,30.924619653414844,1,1,C,C,2,D,0,18.05274683704664,B,27.526491463234926,0,1,Нет
C,D,5,B,0,2.5480031194125785,B,73.94042124043455,0,0,A,C,1,D,1,46.16969578076689,C,19.287634498028293,1,1,Нет
D,D,3,D,0,43.15189924075251,A,58.81924425099898,0,1,C,D,5,C,1,54.64040949408954,C,79.3083524696784,1,1,Нет
A,B,3,C,0,2.8272956180701136,C,19.252804206133533,0,0,B,D,4,A,1,8.194558494010195,C,71.78613666082902,0,1,Нет
B,C,2,A,1,37.44439210838485,A,68.27125190651829,0,0,B,B,2,A,0,30.189681833232186,C,60.41388154237537,0,1,Нет
C,B,2,D,1,92.88254994108672,B,44.94966104196181,0,1,A,D,3,C,0,29.67859909106879,B,31.206842570312,1,1,Нет
D,B,4,C,0,19.470536126680237,D,56.19978202093397,1,1,B,D,5,B,1,76.42319252542437,B,77.67848396956406,0,1,Нет
A,B,2,B,0,73.06284317785426,A,13.148683026500052,0,1,C,B,2,D,0,29.07385033555836,A,67.65596429744343,0,1,Да
C,C,1,D,0,36.57595501933183,C,95.03139102127273,0,1,C,D,3,A,0,43.05514632724654,D,3.6833151908315154,1,1,Нет
B,B,2,D,0,80.54279190454325,A,8.044454004668545,1,1,A,B,2,A,1,66.33839268226627,B,42.87250313006267,1,1,Нет
B,C,5,C,1,70.46495521695891,C,92.18026810829815,0,0,A,C,4,D,0,24.872761082604754,B,58.43993516558355,1,0,Нет
B,C,4,C,1,8.981007566647403,C,20.480892596478682,1,1,A,C,5,A,0,85.53190180624739,A,3.5278707077154303,0,1,Нет
C,D,4,A,0,2.122389906251154,A,79.75278785057839,1,1,D,A,2,B,0,12.960771472084199,B,45.607740783922324,1,1,Нет
A,C,3,C,0,2.0617221221278292,C,95.36110953348476,0,1,A,A,2,D,1,32.69419952854857,B,20.346336636207596,1,0,Нет
D,D,2,A,0,12.443626111192408,D,94.37146714137471,0,1,D,C,1,A,1,75.17530136427109,B,4.1016076973849795,0,1,Нет
C,C,1,D,0,75.04952651081292,D,26.05027964816533,1,0,B,C,5,A,1,39.65135302205138,D,88.39836703054728,0,0,Нет
D,C,1,B,1,46.38298026489447,C,69.42946221652606,1,0,D,C,1,C,0,13.331537559295192,B,60.037065042559114,1,0,Да
D,B,5,A,1,78.22481000913584,C,27.257391478571304,1,0,D,D,1,D,1,81.1228345096694,B,81.45549821372046,1,1,Нет
C,C,3,A,0,2.686842051374705,C,85.57796336051338,1,1,C,C,3,A,0,50.32331076985501,D,60.571889395281865,1,1,Да
A,C,4,D,0,63.8104283420595,B,54.459160028416534,1,1,A,A,5,A,1,92.25781161686614,D,87.6318747412581,1,0,Нет
B,C,4,D,1,35.30715815466502,B,75.45462536586876,0,1,C,A,3,B,0,34.161504956187564,D,22.299095876682163,0,1,Нет
C,A,1,C,0,47.04764865565016,A,21.79232122346615,1,1,D,D,3,D,0,66.03567288141407,C,13.05413968012018,1,0,Нет
A,B,5,D,1,81.24329889930493,A,55.55531541451503,1,0,C,D,4,D,0,28.003986219827347,D,84.94895303331687,1,1,Нет
B,C,4,A,0,50.08890870145875,D,55.95815766076191,1,1,A,C,4,D,0,33.7836277517615,B,66.43477991356683,1,1,Да
D,D,4,B,1,29.704117690027932,D,36.90564168274626,1,0,B,B,5,B,0,71.34852974778919,B,96.62220847834038,0,0,Нет
C,C,4,A,1,38.12034808848542,B,80.0375779246185,0,0,A,C,4,B,0,88.88900789917648,C,62.311328933314016,0,1,Нет
D,A,3,D,0,78.5854383436538,C,96.90408750311896,1,0,A,C,4,B,0,84.12914982253918,A,60.59197949986884,1,1,Нет
C,C,4,C,0,73.72613548549509,D,85.15026482405142,0,1,A,B,1,A,0,29.91941399237119,D,49.3770793475259,1,0,Нет
B,C,5,D,1,80.30653138368857,C,95.91073595492016,1,0,A,A,3,D,0,3.748330098071506,C,9.556907100951229,0,1,Нет
B,D,4,C,1,15.954861597512249,B,57.01049149205238,0,0,D,C,2,D,0,38.54931636208653,D,12.294242124311927,0,1,Нет
A,A,3,D,0,54.65337764139885,B,30.838803290293892,1,0,D,C,3,D,1,62.641128709891326,B,74.60581535269418,1,0,Да
D,C,1,B,0,5.828824255697795,A,69.71023553209734,1,0,C,B,4,A,0,7.61530832772912,A,85.4515938681617,1,1,Нет
B,A,4,C,0,56.458962472827345,C,74.41863720895945,0,1,A,D,5,D,0,13.974266594268869,A,79.05878255774375,0,0,Нет
D,C,4,B,1,86.78011244040742,D,92.99182230038903,1,1,C,D,2,A,0,4.513893428101278,C,10.700855816912203,1,0,Нет
D,D,2,A,1,40.4871052885152,A,19.26464569335612,0,1,D,C,3,A,1,78.20465857681967,B,9.569448552328208,1,0,Нет
C,C,2,A,0,69.0146329604793,B,73.3154813297996,0,0,D,A,1,C,0,36.92876946385299,A,45.68293603613562,0,1,Нет
D,B,3,D,0,5.554268727252232,D,78.51932843705058,1,1,B,B,4,D,1,37.58532000883835,B,87.25789510993329,1,0,Нет
B,A,5,D,1,36.62269803545431,B,44.70735245203616,0,0,D,D,1,A,0,99.46138386402562,A,84.91196509526502,1,0,Нет
A,A,1,C,1,21.949322834373884,A,22.298580003936273,0,0,B,C,2,C,1,48.28154796192228,C,84.80343730842748,1,0,Нет
B,B,2,D,1,89.61437545829854,A,58.51841816043707,1,1,D,A,5,C,0,0.04507516002363321,C,60.575750516888135,1,0,Нет
D,C,3,B,0,75.32358982882415,C,73.27853174870565,1,0,B,D,3,A,1,16.357193233349232,A,62.6779936497292,0,0,Нет
