Obj1_Feat1,Obj1_Feat2,Obj1_Feat3,Obj1_Feat4,Obj1_Feat5,Obj1_Feat6,Obj1_Feat7,Obj1_Feat8,Obj1_Feat9,Obj2_Feat1,Obj2_Feat2,Obj2_Feat3,Obj2_Feat4,Obj2_Feat5,Obj2_Feat6,Obj2_Feat7,Obj2_Feat8,Obj2_Feat9,Collision,pred
C,B,2,1,0,D,0,1,15.25895199188555,C,A,5,0,1,C,1,1,89.01439382442078,Нет,0
D,C,1,1,1,B,1,1,72.30301947486272,C,B,2,0,0,C,1,0,33.41418204476126,Нет,0
D,B,3,1,0,A,0,0,27.732355357892867,C,C,2,1,0,B,1,0,60.62595671813828,Нет,1
D,C,1,1,1,A,0,1,19.826432799864136,A,C,1,0,1,A,0,1,13.658286507979913,Да,1
C,C,1,1,0,A,0,1,26.451525369097872,B,A,2,0,0,C,0,0,82.11988802603727,Нет,0
C,A,4,1,0,D,1,0,51.71152171446516,A,A,1,0,0,D,0,0,99.67044371532322,Да,1
B,D,4,0,0,B,0,1,21.981670863617563,B,B,5,1,1,A,1,0,17.19151407609123,Нет,0
D,A,4,0,1,A,0,1,35.6987326962971,B,B,4,0,1,A,0,1,34.392061875223625,Да,1
D,A,2,1,0,C,0,1,93.7099080770262,C,B,5,0,0,B,1,1,96.26410531665104,Нет,0
D,A,4,1,1,C,1,0,45.74089340895024,A,D,5,1,0,B,1,0,99.06727087709888,Нет,0
D,C,1,1,1,A,0,1,85.32742604631807,B,B,2,0,1,C,0,0,95.63916578281786,Нет,0
D,C,5,1,0,A,0,1,25.60005216507604,D,D,4,0,0,B,0,0,38.58300265378541,Нет,0
D,D,3,1,1,A,1,0,37.32199788998024,B,D,4,1,0,D,1,0,19.215371454795573,Да,1
A,B,2,1,0,C,0,1,76.31438252595008,C,B,1,1,0,A,1,1,47.25890342694866,Да,1
C,A,3,1,1,D,0,0,35.9715792580254,A,C,2,0,0,A,1,1,34.77833948312542,Нет,0
B,C,5,1,0,C,0,1,8.624415894086646,D,C,3,0,1,A,1,1,15.80448612872203,Нет,0
B,B,4,0,0,B,1,0,30.08777305911021,A,D,2,1,0,B,1,1,5.135692194753593,Нет,0
B,C,3,0,0,A,1,0,68.77455584178405,C,C,1,1,1,A,1,0,80.46756425754225,Да,0
D,D,5,0,0,C,1,0,76.76096625666446,A,D,1,1,1,A,1,0,41.642088900803465,Нет,0
C,A,1,1,0,C,0,0,7.463653472589282,D,A,3,1,1,A,0,1,75.66210578335796,Нет,0
C,D,3,0,1,A,1,0,0.0172871696227483,D,B,3,0,1,C,0,0,67.68103785788868,Да,1
B,C,1,1,0,D,0,1,22.2729188704379,C,A,2,1,0,B,1,1,76.32670461366958,Нет,0
D,D,2,1,0,C,0,0,2.027760744128304,C,A,2,1,0,C,1,1,65.78441353636238,Да,0
A,A,5,0,1,C,1,0,93.80686884845858,B,C,4,0,1,C,1,1,56.27236967878291,Да,1
D,B,2,0,1,A,0,0,70.32364105108138,A,A,3,0,1,B,1,0,34.62760985639285,Нет,0
C,D,3,1,0,D,1,0,96.28273832483448,B,C,1,0,1,C,0,1,6.066315278276746,Нет,0
D,C,4,1,1,D,1,1,6.074596947428191,A,A,5,0,0,C,0,0,83.70899168721411,Нет,0
C,A,1,1,1,D,0,0,88.3583978861835,B,B,3,0,0,D,0,1,97.46082100618612,Нет,0
A,C,4,0,0,B,0,1,26.037944848937045,A,B,5,0,1,C,0,1,99.21291344525122,Да,1
B,B,4,0,0,B,0,1,90.06942931828863,C,D,3,1,0,A,0,0,31.466628916476235,Нет,0
A,D,5,0,1,C,1,0,4.960964641986642,C,A,1,1,0,B,0,1,74.30441190999886,Нет,0
A,B,1,0,1,C,0,1,50.646472851103816,B,C,4,1,0,C,0,1,82.8378062998072,Нет,0
B,B,4,0,1,D,1,1,46.88428486688516,D,D,5,1,1,C,0,0,54.89924865292279,Нет,0
C,B,1,1,0,D,0,0,19.72193618547794,D,A,1,1,0,B,1,0,47.030766106427095,Да,1
C,C,4,1,1,A,1,0,44.71205132180332,D,B,3,1,1,C,1,0,52.22625367697268,Да,1
C,D,4,0,1,B,1,1,84.98215700407651,A,A,5,0,0,D,1,1,66.60791131307853,Нет,0
B,B,5,0,0,C,1,0,27.575901422225947,A,D,5,0,1,A,1,1,31.79039362326197,Нет,0
C,C,2,1,0,A,0,0,97.05481984655842,A,C,1,0,0,D,1,1,5.906092996532808,Нет,0
C,B,3,0,0,D,1,0,10.226854964260168,B,A,5,1,1,D,0,1,46.2947320585381,Нет,0
D,B,4,1,1,A,1,0,21.22310935915268,B,A,2,0,0,B,0,1,53.86866756455242,Нет,0
C,B,3,0,0,A,1,0,27.2780958158387,B,D,1,1,0,D,0,0,27.530283871610127,Нет,0
A,C,1,1,0,A,1,1,49.38455918941309,B,B,2,0,0,C,0,0,32.456992033989884,Нет,0
C,C,1,0,1,B,0,1,28.02607992013131,B,A,4,1,0,C,0,0,22.314459644464456,Нет,0
D,D,1,0,1,C,0,1,75.88197810351224,C,C,2,1,0,D,1,0,90.08884645210983,Нет,0
A,B,1,0,0,D,0,1,78.23626437871928,C,C,5,1,0,B,0,0,14.528176576399987,Нет,0
A,D,5,1,0,B,0,0,41.90995029339343,C,B,4,1,1,C,0,1,93.31981991170832,Нет,0
D,B,4,1,0,A,1,1,70.22382990363731,D,D,2,1,0,B,1,0,41.889261321591945,Да,1
B,B,3,1,0,D,1,0,85.87658235449575,D,A,4,1,1,C,0,0,6.300328791144116,Нет,0
D,B,1,0,0,C,1,0,78.58491166237953,B,A,4,1,1,C,1,1,66.86479458373728,Нет,0
A,A,3,0,1,D,1,1,99.92152836508971,D,D,2,1,1,A,0,0,61.5326073745284,Нет,0
B,A,3,1,0,C,0,0,67.81148108996739,C,A,3,0,0,D,0,1,83.9799198788395,Да,1
C,D,4,1,1,D,1,0,97.43649764859236,A,B,1,1,1,A,1,1,23.74310140491457,Нет,0
D,D,3,0,0,A,1,1,59.45761008952945,C,A,3,0,1,B,0,1,49.344457021417135,Нет,0
C,C,3,0,1,C,0,1,19.18656858541265,A,A,2,0,0,A,0,0,1.85018571817096,Нет,0
D,A,3,1,0,B,1,0,55.7517629922716,D,B,4,0,0,D,1,1,20.42116789153421,Нет,0
B,A,5,1,0,A,0,1,87.52089446739245,A,A,1,0,1,A,0,1,80.78081379896466,Да,1
A,A,4,1,1,D,1,1,3.302325310791898,B,D,5,1,0,A,1,0,33.50434158454847,Нет,0
C,D,3,0,0,A,0,1,13.730769100978858,A,B,5,1,1,A,1,0,6.722680658846835,Нет,0
C,D,4,0,0,D,1,0,58.45652233985006,B,B,5,0,1,A,0,1,13.454892852545708,Нет,0
A,B,4,0,1,D,1,1,33.33627092513139,B,D,4,1,1,A,0,1,22.54598781143553,Нет,0
D,D,1,0,1,A,1,0,93.26595163522764,D,A,5,0,0,D,1,1,20.74932232829661,Нет,0
A,D,5,1,0,A,1,1,68.96075877473416,C,D,4,1,1,D,0,1,67.29390627599874,Нет,0
A,B,1,1,1,C,1,1,29.83889695481291,C,D,1,1,0,D,1,1,40.22989811560871,Да,1
C,D,1,1,0,C,0,1,52.96874658373604,D,C,2,0,1,A,1,0,25.175815630954222,Нет,0
C,B,3,0,0,D,0,0,21.645430271624576,A,B,5,1,0,A,1,1,37.05801563601283,Нет,0
D,B,3,1,0,B,1,0,41.95165730423454,A,C,1,1,1,D,0,1,78.8418239655414,Нет,0
B,D,3,0,0,A,1,1,3.631105672536117,B,C,2,0,0,B,1,0,75.75796671625567,Да,1
C,D,5,0,0,B,1,0,35.35065597581335,C,A,5,1,0,B,0,0,35.24875346190671,Да,0
A,A,5,1,0,D,1,1,59.34002515905973,C,B,1,0,1,C,1,1,46.51173314186345,Нет,0
B,D,3,1,1,C,1,1,0.7320730558577182,A,B,5,0,1,C,0,1,42.69273269484368,Нет,0
C,C,5,1,1,D,0,0,30.242395997433725,D,D,4,1,1,A,1,0,29.363464037618197,Нет,0
C,D,5,0,1,C,0,1,86.81656107905296,B,A,3,0,0,B,0,0,42.57625483724551,Нет,0
D,D,3,0,0,D,0,0,91.161858380035,C,D,1,0,1,D,1,0,64.1893930528891,Да,1
D,B,4,1,0,A,1,1,21.145879652319238,C,B,4,1,0,C,1,0,86.76284705154357,Да,1
A,A,3,1,1,A,1,1,68.82295510511017,B,A,5,0,1,C,0,1,85.76690841879032,Нет,0
C,C,2,1,1,C,0,1,63.092697606094674,C,C,1,1,1,B,1,1,87.68741848682842,Да,0
C,D,4,0,0,D,0,0,95.87602781877784,C,D,5,1,0,D,0,0,70.76572814662075,Да,1
D,D,1,0,1,D,1,0,57.00453748394217,A,D,5,0,0,D,0,0,8.625425192117342,Да,1
C,B,3,1,1,D,1,1,81.84386879935866,B,C,1,0,0,C,1,0,37.98722800496044,Нет,0
B,B,4,0,0,A,1,1,19.403581438035157,D,C,5,1,0,A,1,1,43.89986632929192,Да,1
D,B,3,0,1,B,1,1,94.95679295029802,C,B,5,1,1,C,0,1,89.03220255278259,Нет,0
B,A,3,0,1,A,1,1,22.91625832158184,C,A,2,0,1,A,0,1,77.75800991773545,Да,1
A,D,1,0,1,A,1,0,20.439725173238976,C,A,1,1,0,D,1,1,60.869152535338166,Нет,0
A,D,4,1,0,A,0,0,47.191345901893065,A,A,2,0,1,D,0,1,10.103000245610582,Нет,0
B,A,2,0,1,D,0,1,44.92196143483371,C,B,4,0,0,D,1,1,46.13652341855053,Нет,0
A,B,5,1,0,B,0,0,24.01788659474664,C,A,3,1,0,A,0,0,72.26566863614303,Да,1
D,A,3,0,0,A,0,1,71.71352632600417,B,D,5,0,0,B,1,0,96.06724288761008,Нет,0
D,A,5,0,0,C,0,1,1.786339726309227,B,B,4,1,0,B,0,0,90.36904021969868,Нет,0
B,C,3,1,0,B,0,1,5.784944887969157,A,B,2,0,0,A,1,0,28.89514410220953,Нет,0
C,C,1,1,0,B,1,1,1.6895084928202464,D,D,5,0,0,A,0,0,94.1830650714428,Нет,0
D,A,4,0,0,A,1,1,71.81213490850402,A,A,3,0,0,A,1,1,7.676845240036989,Да,1
D,C,2,1,0,B,0,0,71.35369369911352,D,C,3,0,1,C,1,0,76.63383873778666,Нет,0
B,B,5,0,0,A,1,0,43.83689630888944,B,D,5,0,1,C,1,0,12.202448378304744,Да,1
A,B,1,1,1,D,0,0,34.63378580773843,D,C,4,0,1,A,1,0,40.09495578928716,Нет,0
C,C,5,1,1,C,1,0,99.8261852622538,C,A,4,0,0,A,1,1,68.87781247376311,Нет,0
B,C,4,1,1,C,1,1,82.34265901493437,D,C,2,0,0,A,1,1,5.898790535435561,Нет,0
D,B,1,1,1,C,0,0,15.33828531740904,A,B,1,1,1,B,1,1,14.27361003321642,Да,0
D,C,1,0,0,D,1,0,47.29090683431711,C,B,5,1,0,D,1,1,86.57906668334854,Нет,0
C,B,5,0,0,D,0,0,95.98680046637898,D,B,3,1,1,D,0,0,74.29838291328261,Да,1
B,D,3,1,0,C,1,1,45.40984452461617,A,D,4,1,1,D,0,1,93.11681688141068,Нет,0
A,A,2,1,1,C,0,1,12.923855857641286,B,A,3,1,0,A,1,1,76.4883611463737,Нет,0
B,B,5,0,1,C,1,1,47.9581094440427,C,C,4,0,1,C,0,1,41.479776308962926,Да,1
C,C,5,0,0,D,0,1,71.16746989592846,D,A,5,1,0,B,0,0,94.98366599185852,Нет,0
A,B,1,0,0,A,0,0,75.34408374767025,B,D,3,1,0,B,0,0,43.21928812503124,Нет,0
B,A,4,1,0,C,1,1,24.19255571624782,A,A,5,1,1,B,0,1,38.14234498465917,Нет,0
D,B,4,1,0,A,1,0,77.67659079056457,A,B,5,0,0,C,1,1,74.97619007289082,Нет,0
B,B,1,0,1,A,0,1,21.118490579646696,C,A,4,0,1,B,0,0,38.84900326179047,Нет,0
C,C,2,1,1,A,0,0,41.12429820413529,A,A,2,1,0,A,0,1,74.34092782071453,Да,1
A,D,1,1,1,A,1,0,72.54225579839498,A,A,4,0,0,A,0,1,81.33308918167752,Нет,0
C,B,2,0,0,C,0,1,19.226869621711884,A,B,5,0,1,A,1,0,25.690530615999684,Нет,0
C,C,4,1,1,D,0,1,70.55276443639862,D,C,2,1,0,A,0,0,26.03340430415234,Нет,0
C,A,2,1,1,D,0,0,52.85086363593695,B,B,2,0,1,D,0,0,17.4267062101501,Да,1
B,A,3,1,1,A,0,1,3.4842229525623214,D,D,2,0,0,B,0,0,36.97267946963252,Нет,0
D,C,2,0,1,C,1,1,83.08368939622706,B,C,2,0,0,D,0,1,83.23814492720383,Да,0
A,C,2,1,0,C,0,1,97.756573015031,C,B,3,1,0,C,1,1,51.71544920242677,Да,1
A,C,5,1,1,D,1,0,56.0708916807659,B,C,5,0,0,B,1,1,64.02352615411205,Нет,0
A,C,2,0,1,D,1,1,68.82495406839816,B,C,2,1,1,D,1,0,98.05665133507712,Да,1
D,A,5,0,0,B,0,0,42.51586290817697,C,D,1,1,1,D,1,1,7.530934204696626,Нет,0
D,C,1,0,0,C,1,0,67.01736810884927,B,B,2,1,1,C,1,1,68.91266275038888,Нет,0
D,C,2,1,0,A,0,1,51.61073285279109,A,B,1,0,0,D,0,0,78.1869028552012,Нет,0
B,D,4,1,1,D,1,0,94.43935925752986,C,D,4,0,0,C,0,0,49.8303684112553,Нет,0
A,B,5,0,1,D,0,1,97.689251890453,D,B,4,1,0,D,1,1,46.48684235244615,Нет,0
D,C,3,0,0,C,0,0,16.245538587270623,C,A,1,1,0,A,0,0,86.24775348209104,Нет,0
D,B,3,0,1,A,0,0,53.50292078276849,B,A,4,0,0,D,0,0,46.15692767105444,Нет,0
D,C,2,0,1,B,0,0,90.7885298151351,C,B,5,1,0,C,0,0,60.49219597640239,Нет,0
A,A,3,1,0,B,1,1,43.97385548234312,C,C,2,0,1,A,1,1,14.560010047930527,Нет,0
B,C,5,1,0,C,0,0,37.45249183209901,B,A,4,0,1,D,1,1,59.57202706396966,Нет,0
A,C,4,0,0,A,1,0,17.02733267481048,B,A,4,0,0,B,0,0,39.52860114214499,Да,1
D,D,1,0,0,A,0,0,14.992753642549062,C,A,1,1,1,D,1,1,58.18121461664718,Нет,0
D,D,3,1,0,A,0,1,49.50091002761127,C,D,3,1,0,A,0,0,65.37306462163292,Да,1
C,A,3,0,1,A,1,1,66.03942633870491,A,D,3,0,1,A,1,1,53.41602307971714,Да,1
B,A,5,1,1,A,1,1,66.95645188243759,D,D,4,0,1,A,1,1,62.75954392444467,Да,1
B,C,2,1,1,C,0,1,18.52411433320257,D,D,4,1,1,A,1,0,66.76818274423644,Нет,0
D,D,4,1,1,D,1,0,63.579316481218896,A,A,2,1,1,C,1,1,47.16780799629872,Нет,0
A,D,3,1,0,A,1,0,5.842297995981982,B,B,4,0,0,D,1,0,28.17520726614996,Нет,0
D,B,3,1,0,C,0,1,0.9594659611250944,D,C,2,0,1,B,0,0,33.832417861650185,Нет,0
D,A,3,0,0,A,0,1,11.638659639995952,D,C,3,0,1,A,0,1,62.56616489484793,Да,1
A,A,3,1,1,A,1,1,75.22568322354815,A,C,3,0,1,A,0,1,78.41852562501523,Да,1
C,D,1,0,0,C,0,1,56.06059932489822,C,C,4,1,1,C,1,0,94.86032609150828,Нет,0
B,D,2,1,1,A,0,1,62.28860836303149,B,A,4,0,0,B,1,0,16.946091015821185,Нет,0
B,B,3,1,0,A,1,0,70.45426819318814,A,A,3,1,0,A,1,1,88.92985779338018,Да,1
C,C,3,0,0,D,0,0,9.694559030442385,A,D,1,1,0,C,0,1,8.045933277962302,Нет,0
A,C,3,1,1,B,1,1,5.511816420861903,B,A,1,1,1,C,1,1,92.4048862978353,Да,1
C,C,1,1,1,C,0,1,75.30982124739813,D,B,2,0,1,C,1,0,39.78593681829108,Нет,0
C,A,2,1,0,B,1,1,16.708876764295443,B,A,3,1,0,C,1,0,2.530888750161908,Да,0
B,D,4,1,0,C,1,1,61.51361266305445,D,C,4,1,0,A,0,0,37.36008125685456,Нет,0
D,C,5,1,0,C,1,0,49.49044616755442,B,A,5,0,1,A,1,0,89.00535128891033,Нет,0
C,B,3,1,1,C,0,1,59.083234497278525,D,B,3,0,0,A,0,1,19.351145529114888,Да,0
C,D,2,0,0,B,0,1,19.64975451740374,D,C,5,0,1,A,1,1,62.49026803305839,Нет,0
D,D,3,0,1,C,1,1,35.86008389805737,D,B,4,1,0,A,1,1,94.71842103625907,Нет,0
B,D,3,1,0,A,1,1,41.348469791050576,B,D,4,1,1,A,0,1,94.5428631284344,Да,0
A,B,2,0,1,B,1,1,56.47237545875892,D,A,1,0,0,B,1,1,28.28451736237344,Да,0
C,C,4,0,0,D,0,0,25.33798040984839,C,D,2,1,1,B,1,0,91.6173985039588,Нет,0
C,B,4,0,0,B,1,0,86.1144707681485,A,D,1,1,1,D,1,1,33.67174956589057,Нет,0
C,A,5,0,0,C,0,0,86.52546145140805,D,D,3,0,0,A,0,1,95.58330196637134,Нет,0
D,C,3,1,0,B,1,1,19.66241829885728,C,B,1,0,0,D,1,1,43.69883694888698,Нет,0
A,C,3,0,1,C,1,0,67.5699129943638,B,D,3,1,0,C,0,0,63.361226904094906,Нет,0
D,D,1,0,1,D,1,1,92.32613981400412,D,B,4,1,1,B,0,0,47.61583808852669,Нет,0
D,A,2,0,0,A,1,1,11.506058655907236,C,B,1,0,0,B,1,0,20.435290794508344,Нет,0
A,B,3,0,0,C,0,1,67.95777697244972,B,D,1,1,1,B,1,1,33.55581495248677,Нет,0
D,C,1,1,0,A,0,1,61.487569069202905,A,D,5,0,0,D,0,1,85.96169850256312,Нет,0
D,A,4,0,1,A,0,0,68.26812782832748,B,C,4,1,0,A,1,0,68.5296239245124,Нет,0
A,D,1,0,0,A,1,0,83.284915644889,D,A,5,0,1,B,0,1,36.71147720699069,Нет,0
D,B,2,1,0,B,0,0,51.85597130267239,D,A,1,0,0,B,1,0,49.44096592269707,Да,1
C,A,2,0,0,A,0,1,40.94897654113506,A,C,5,1,1,B,0,1,88.27542339057088,Нет,0
B,A,3,0,0,B,1,1,45.48232676142323,B,C,4,0,0,C,1,1,46.926201071032594,Да,1
D,C,4,0,1,A,0,0,66.5180076011967,B,B,2,1,1,A,1,0,54.0530553075939,Нет,0
B,C,2,1,0,B,1,0,5.6093136898022085,C,A,5,0,0,B,0,0,28.748557595750068,Нет,0
D,A,2,0,0,C,1,1,83.11971285333624,D,B,4,0,0,B,0,1,89.44975730542835,Да,1
A,D,3,0,1,C,1,1,22.065935807184832,B,A,2,0,0,D,1,1,62.21203151791234,Нет,0
A,B,4,0,1,C,1,1,36.23876271103206,C,D,2,1,0,A,1,0,53.84897622529067,Нет,0
D,B,1,0,0,C,0,0,83.53528247868395,D,C,1,0,0,A,0,1,74.57292265673762,Да,1
A,B,5,1,1,D,1,1,63.05416467118964,D,B,1,1,0,C,0,0,13.677191502344632,Нет,0
A,B,3,0,1,D,1,0,9.194735261319597,A,A,2,0,0,B,0,0,32.68427017984761,Нет,0
C,D,3,0,1,B,1,1,91.58095208876932,C,C,4,0,0,C,1,0,47.05007244604407,Нет,0
A,A,4,1,0,C,1,0,69.9513119870555,D,A,4,0,1,B,1,0,0.5224637129725207,Да,0
A,B,2,0,0,B,1,1,67.74002349707507,A,C,4,0,1,C,1,1,7.071018082648384,Да,1
D,D,1,1,1,D,0,0,67.53751722791694,D,B,4,1,0,A,1,0,36.33244817626535,Нет,0
A,A,2,0,1,B,1,1,40.98749231937187,A,C,3,0,0,A,1,1,38.46616706923357,Да,1
C,A,2,1,0,B,1,0,8.216693069367942,D,B,1,1,1,D,0,1,24.454129788466737,Нет,0
C,D,2,1,0,A,0,1,10.221832544221998,B,D,1,1,0,D,0,0,92.50851885114623,Да,1
C,B,2,0,0,D,1,0,80.11060897674184,B,A,2,1,0,D,1,0,59.97800381357517,Да,1
D,D,3,0,0,C,1,0,65.96002311285473,D,D,1,0,0,A,1,0,73.50451429524921,Да,1
C,D,4,1,0,A,1,0,29.826624797450503,D,C,1,0,0,D,0,1,19.914910148298105,Нет,0
C,A,3,1,0,D,0,1,24.791410113763344,C,D,1,0,1,A,1,0,92.32207955225508,Нет,0
C,D,5,1,1,B,0,1,35.44409107023407,B,B,4,1,1,D,0,0,67.45384747224983,Нет,0
C,A,4,1,1,A,1,0,75.55935806023217,B,D,2,0,0,B,0,0,87.9842357245993,Нет,0
D,A,2,1,0,C,0,1,92.51071592273448,B,C,2,1,1,D,0,0,74.64446490369873,Нет,0
B,A,4,0,0,C,0,1,98.00225452930012,D,D,1,1,0,B,0,0,47.8234078760162,Нет,0
B,C,5,0,1,C,0,1,60.14126447535241,C,B,2,0,1,A,1,1,67.15725937920229,Нет,0
A,A,3,1,1,A,1,1,44.4392241757956,D,B,3,1,0,A,1,1,14.821275484139406,Да,1
D,B,2,0,1,B,1,1,69.17991603030664,B,D,3,0,0,D,0,0,31.2072749266936,Нет,0
D,C,2,0,0,C,1,0,75.78149791602799,C,B,1,1,0,B,1,1,11.159922074202344,Нет,0
A,B,4,1,0,C,1,1,42.17952943829675,A,D,3,1,0,D,0,1,94.79110064220102,Да,0
C,A,1,1,1,A,0,0,24.05019944055048,A,B,4,1,1,A,1,1,84.78398944452023,Нет,0
C,C,4,0,1,B,0,1,13.683050361930714,C,A,1,1,1,C,0,0,33.48354382311116,Нет,0
B,B,2,0,0,B,1,0,43.20586756275952,A,C,3,1,0,D,1,1,45.48909266673687,Нет,0
D,D,5,0,1,A,0,0,0.916695309368698,C,B,2,1,0,D,0,0,7.088758972963127,Нет,0
D,B,2,1,0,A,0,1,80.89265068716044,A,D,1,0,0,A,1,0,11.209787475457333,Нет,0
A,A,5,1,1,C,0,1,94.45222058771007,A,D,4,0,0,B,0,0,72.60703830534173,Нет,0
C,B,1,1,0,B,1,0,29.167478446553307,D,B,3,0,1,A,0,1,60.98473324310899,Нет,0
D,C,4,1,1,B,0,1,95.25840742848472,D,C,5,0,1,D,1,1,82.85056224675867,Да,0
A,B,5,1,1,D,0,0,83.13795929572933,D,C,1,0,1,C,1,0,51.67059304712112,Нет,0
A,B,1,1,0,B,0,1,60.74314421808044,D,A,1,0,1,A,1,0,36.4654176030091,Нет,0
D,C,2,1,1,C,0,0,25.621459853465154,D,B,3,0,0,B,1,0,1.5972887405526603,Нет,0
D,B,3,0,0,B,0,0,34.26186682205818,A,C,3,0,1,C,1,1,81.48518184661194,Нет,0
B,B,2,1,1,A,0,0,99.86973342685832,C,D,2,1,0,C,0,0,9.78739552690595,Да,1
C,B,4,1,0,B,1,0,10.408763956410183,D,C,1,1,1,B,0,1,21.924339237580647,Нет,0
B,D,2,1,1,B,1,1,82.70397870983925,D,A,3,0,1,D,1,0,59.01947403183742,Нет,0
D,D,2,0,1,A,1,1,33.12760014678292,A,B,2,0,1,D,0,1,15.156608054731324,Да,0
C,B,5,0,1,D,0,1,5.656082083354185,C,D,1,1,1,D,0,1,5.539109265081111,Да,1
C,A,1,1,1,A,1,1,17.93403358230651,B,C,1,0,0,D,1,0,15.305104380471402,Нет,0
A,C,4,1,1,A,0,1,79.67376256353889,A,D,1,0,0,A,0,1,46.13430444899619,Да,1
C,C,4,0,0,B,0,0,36.14262143501156,A,D,3,1,0,B,1,0,60.41010026812573,Нет,0
C,A,1,0,0,D,0,1,17.618306218623538,C,B,4,1,0,D,1,1,84.52143938333862,Да,0
D,A,3,0,0,A,0,1,51.00094560864192,B,D,4,1,0,A,0,0,69.45803817753709,Нет,0
C,C,4,1,0,D,0,1,91.40249573168066,C,D,4,1,1,B,1,1,27.09915900655572,Да,0
B,C,5,1,1,D,0,0,82.91212017792387,B,D,4,1,0,B,1,0,24.250953415240563,Нет,0
B,D,5,1,0,D,0,1,37.94590196546629,D,C,4,0,1,D,0,0,94.06554096431177,Нет,0
B,B,2,1,0,B,0,0,16.251041676426382,D,B,1,0,1,A,1,0,91.62978707353554,Нет,0
D,B,5,0,1,B,1,1,75.95327929169004,D,C,2,1,1,B,0,0,51.16299296413733,Нет,0
A,C,2,0,1,A,1,0,90.04510815203795,B,D,5,0,1,B,0,1,35.26250973904048,Нет,0
C,D,3,0,0,A,1,0,23.200199903868512,C,A,1,1,0,B,1,1,60.13724491688597,Нет,0
C,B,5,1,0,C,1,1,56.62674416609791,D,B,5,0,0,C,0,0,37.29369922368891,Да,0
C,A,1,1,0,C,0,0,32.08845274746322,C,A,3,1,1,A,0,1,35.067679783528305,Да,0
D,C,5,1,0,D,0,0,73.05805936640407,A,A,4,1,0,A,1,0,82.41456768848009,Нет,0
D,A,3,1,0,D,0,0,10.42534179815764,D,A,5,0,1,B,0,1,26.344257775828297,Нет,0
C,C,3,1,0,C,1,1,30.055730379323094,D,B,4,1,0,B,0,0,31.94615884459948,Нет,0
C,D,3,0,0,C,0,1,65.79208720376066,B,D,4,0,1,B,0,1,19.498362766330366,Да,1
B,D,5,1,1,C,0,1,30.639401152243128,A,B,2,1,0,D,0,0,95.96985398067774,Нет,0
C,A,2,0,1,C,1,0,53.68508387232674,B,D,4,1,1,D,1,1,35.61079807354718,Нет,0
B,D,1,0,0,D,0,0,26.31602831171548,D,B,2,1,1,A,1,0,27.723346705618003,Нет,0
A,B,2,1,0,B,0,1,48.34669465474857,B,D,5,0,1,A,0,1,19.85737881941284,Нет,0
B,C,3,1,1,C,1,1,1.5656585705358106,D,C,5,1,1,A,1,0,21.651349773448825,Да,1
A,C,3,0,0,D,0,0,92.5712815331082,B,B,1,1,1,A,0,0,87.5719247871294,Нет,0
B,C,1,0,0,D,0,1,24.560447622036463,B,B,1,0,1,C,0,1,7.307407721615233,Да,1
D,B,3,1,0,A,0,0,49.49042466336016,C,B,4,1,1,D,1,0,77.00515871270605,Нет,0
A,A,2,0,1,A,0,0,55.46262278853698,C,B,4,1,1,C,0,0,97.72655424690254,Нет,0
A,D,1,0,0,A,1,0,27.26798381203096,B,A,3,1,1,C,1,0,56.94796223308848,Нет,0
B,D,1,0,1,D,0,0,28.086105387038785,B,D,5,1,0,D,1,0,12.952269339813348,Да,1
B,D,5,1,0,D,1,0,91.40791479171762,B,B,1,1,0,B,0,1,63.47595788018951,Нет,0
D,D,3,1,1,A,1,1,66.72917897272363,C,C,2,1,0,A,0,1,7.0228278842701775,Нет,0
B,C,4,1,1,A,1,0,28.34230581102244,D,B,2,1,0,A,1,1,95.86059520341544,Нет,0
A,D,4,1,1,B,0,1,3.684232046735181,C,D,4,1,1,C,1,1,29.670470420156867,Да,1
D,A,2,1,1,A,1,1,48.32236495298101,C,B,5,0,0,C,1,1,32.80496873019234,Нет,0
A,D,1,1,0,B,1,1,56.31707254850247,A,A,4,0,0,D,0,1,49.576170151061184,Нет,0
B,C,2,0,0,B,0,1,19.333766991777303,C,C,4,0,1,C,1,0,69.85847035425066,Нет,0
D,A,5,0,1,C,1,1,72.38178901014548,B,B,4,0,1,B,0,1,61.93332187766985,Нет,0
A,A,3,1,0,C,0,0,91.37503050786344,B,A,4,0,1,D,1,1,3.199439040179286,Нет,0
B,A,3,1,0,C,0,0,24.512838654604064,B,A,1,0,0,B,0,1,41.75233587331199,Да,1
D,D,5,1,1,A,0,1,75.85835588635305,C,B,3,1,1,C,1,1,97.10801500667002,Нет,0
B,A,1,0,1,C,0,0,18.197854021885707,A,C,4,1,1,C,1,1,96.02055163870791,Нет,0
D,A,3,1,1,D,1,0,66.07827357053768,D,D,3,0,0,C,0,1,42.315759584528266,Нет,0
A,C,5,0,0,C,1,1,51.97201755909131,C,B,2,1,1,D,0,1,26.05996954333577,Нет,0
B,B,5,1,0,A,1,0,64.63610171600756,B,B,4,1,0,D,0,0,87.27273460125001,Да,1
A,B,2,1,0,A,0,1,79.68789913829261,D,C,4,1,1,C,1,0,8.32962528793415,Нет,0
B,C,3,1,1,D,1,1,81.5466668124646,B,C,5,1,0,C,1,1,41.9783976738931,Да,0
A,B,5,1,1,A,1,1,0.9869790348575048,B,D,3,1,0,B,0,1,61.96369124336283,Нет,0
C,A,5,1,0,D,1,0,44.59469004123231,C,B,2,0,1,D,0,1,81.03063655479046,Нет,0
B,B,2,1,0,C,0,0,55.35762228251199,A,C,4,1,0,A,1,0,6.642689646306499,Нет,0
A,B,2,1,1,B,1,1,13.959658535802744,A,A,3,0,0,C,1,1,85.85011036556112,Нет,0
C,D,2,1,1,D,1,1,60.41770012825501,A,D,1,1,1,A,1,1,3.0549665877740217,Да,0
B,C,4,1,0,B,0,1,69.70103152829769,D,B,5,1,0,D,1,1,43.05543256318208,Нет,0
A,B,1,1,1,B,1,1,48.8233977016826,D,A,2,0,1,B,1,0,17.821620747643465,Нет,0
D,A,3,0,0,C,0,1,29.501380707782964,D,A,3,0,0,D,0,1,44.15364247524608,Да,1
C,D,1,0,0,B,0,0,62.87873297068113,D,A,2,1,1,C,0,0,22.006599331958355,Нет,0
D,D,3,1,0,A,0,0,67.21755659191386,C,A,3,0,1,A,1,1,41.79556049938433,Нет,0
B,B,1,1,0,B,1,1,62.17880256220095,A,B,3,1,1,D,1,1,85.26490005432869,Да,0
A,D,4,1,1,B,1,0,54.59841015900263,D,C,1,1,1,A,0,0,74.24826298666638,Нет,0
D,B,3,0,1,B,0,1,17.100208248492564,B,B,3,0,1,D,1,0,19.48099541348529,Да,1
D,B,4,0,0,B,1,0,94.14221909979268,A,C,4,0,0,D,0,0,62.56969150191254,Да,1
D,B,3,0,0,A,0,1,51.49792403435362,D,C,2,0,0,D,1,0,28.362166827583813,Нет,0
C,B,1,1,1,B,1,1,36.61771718227551,C,B,4,1,0,C,1,1,18.63323813957063,Да,0
D,B,4,1,1,C,0,1,60.93969360164391,C,C,2,1,0,A,0,0,16.00055062177802,Нет,0
D,B,3,0,0,B,0,1,38.44436814264607,D,D,1,1,0,B,0,1,22.46793659598104,Да,1
C,D,5,0,0,C,1,0,66.49719860997199,A,A,1,1,0,B,0,0,26.73057005368119,Нет,0
D,C,2,1,1,D,1,0,54.74866532362184,D,B,2,0,0,C,1,0,57.86648717198079,Да,1
B,B,4,1,1,D,0,0,77.78954233522414,D,A,1,1,1,A,1,0,30.901608581757863,Нет,0
B,C,2,1,1,A,1,1,57.506552071879625,C,C,4,0,1,B,0,0,44.23151754053085,Нет,0
C,C,1,0,0,C,1,1,82.38074308791408,D,D,4,0,0,D,1,0,65.94910979370232,Нет,0
B,D,2,0,1,A,0,1,37.93868160870198,A,B,5,1,0,D,1,0,73.02363447061569,Нет,0
B,A,1,0,0,B,1,1,99.42120872541702,D,D,5,0,0,D,0,0,87.84708620689457,Нет,0
B,A,1,0,0,D,1,0,98.075683308303,A,B,4,0,1,D,0,0,89.2405429600961,Нет,0
A,B,3,0,1,C,1,0,85.51710522377411,D,B,5,0,1,D,0,0,87.57902056593008,Да,1
C,A,4,1,0,A,0,0,4.290906987853626,C,C,3,1,0,D,0,1,4.456408052810956,Да,0
B,B,1,0,1,D,0,0,9.446463777517431,C,C,2,0,0,B,1,1,37.40804762293366,Нет,0
B,D,2,0,1,A,0,0,15.78187218732726,C,D,2,1,0,D,0,0,51.70034248796055,Да,1
B,A,1,1,0,A,0,1,25.137069239855425,D,A,1,0,0,A,1,1,63.55490783347345,Да,1
B,B,5,0,0,C,1,0,17.336318263524962,D,C,5,0,0,B,0,0,58.295085370016295,Да,1
B,B,4,1,0,B,1,0,38.976176573547896,D,B,1,0,0,D,0,1,37.83028169561344,Нет,0
B,C,1,1,1,D,0,1,71.38293132267316,C,C,5,1,1,A,1,0,95.16115450314813,Нет,0
C,B,5,1,0,C,0,1,81.82918194774041,D,C,2,1,1,A,0,0,1.4745331426171404,Нет,0
B,B,3,1,0,D,1,1,90.72990176700944,B,C,5,0,1,B,1,1,2.5481183568948684,Нет,0
C,A,3,1,0,A,1,1,7.848955090397613,A,B,1,1,0,B,0,1,64.22712588433733,Нет,0
B,D,5,1,1,A,0,0,92.77222067521151,D,B,2,0,0,D,1,1,60.79957188898928,Нет,0
A,B,1,1,1,B,0,0,79.28272623744809,D,C,1,1,0,C,0,0,11.778886881386452,Да,1
B,A,5,1,1,A,1,0,71.54495125951557,C,A,4,0,1,A,0,1,83.22062710338169,Нет,0
D,B,1,1,0,B,0,0,29.203227669612964,C,A,3,0,1,B,0,0,45.95896793704844,Нет,0
A,B,5,1,0,A,1,0,22.51889316928617,C,A,5,0,0,D,0,1,24.34485599808591,Нет,0
D,B,5,0,1,B,0,1,51.10545031527314,C,A,5,1,0,A,0,1,0.8713353844780891,Нет,0
C,D,2,0,0,D,1,1,6.989501942449461,D,B,2,0,1,A,0,0,25.531050651064312,Нет,0
A,B,1,0,1,C,0,0,39.50251658497259,D,C,1,1,1,B,0,0,11.449557042497316,Да,1
A,A,4,0,1,B,1,1,13.08057001687536,D,D,1,0,0,A,1,1,55.151515015626806,Нет,0
B,A,1,0,0,C,0,0,62.304326195530514,D,A,4,1,1,C,1,1,24.63759789497042,Нет,0
A,B,3,1,0,C,1,1,58.76989956681285,D,C,5,0,0,A,0,0,4.248846140635587,Нет,0
D,D,2,0,1,C,1,1,91.26878368245669,B,A,4,0,1,B,0,1,4.701141717909286,Нет,0
B,A,2,0,0,D,1,0,89.57715443147283,D,A,1,1,1,C,0,0,96.8954307676942,Нет,0
B,C,4,0,1,B,0,0,81.01168472987439,A,C,1,0,0,B,1,0,39.7100056367544,Да,1
C,C,2,1,1,D,0,1,50.991679222800656,C,A,2,0,1,C,0,0,44.40957628062674,Да,0
A,D,1,1,0,B,1,0,64.55320778144775,A,D,2,1,1,C,0,0,63.75064487085065,Да,0
A,A,1,1,1,A,1,1,51.95939722755058,A,B,1,1,0,A,1,0,30.67122932161749,Да,1
B,A,4,0,0,D,1,0,6.26854303980009,B,B,2,0,1,A,0,0,35.870585718405856,Нет,0
D,A,3,1,1,C,0,0,9.330643393549366,C,B,2,1,1,A,0,0,13.014786862246195,Да,1
A,D,2,0,1,C,1,0,81.69956458397806,D,D,5,0,0,C,1,0,4.48315937313013,Да,1
C,B,5,1,1,C,1,0,27.607160514918306,B,D,2,1,1,D,1,1,69.61260977869385,Нет,0
D,D,3,1,1,C,0,0,8.861343038308911,C,A,5,0,0,D,1,1,62.71653466924102,Нет,0
A,B,2,1,1,C,1,1,68.48915376967035,B,B,5,0,0,A,1,0,49.48496753894187,Нет,0
A,B,3,1,1,C,0,1,53.72562641885445,D,C,5,1,1,B,0,1,68.02710586970785,Да,1
B,C,1,1,1,D,1,0,27.448031572890557,A,A,5,0,1,A,1,1,33.80788721810125,Нет,0
A,B,3,0,1,B,1,0,25.971342312928854,D,D,5,0,0,C,1,1,34.66670859288633,Нет,0
A,B,1,1,1,D,1,0,81.31349093467259,A,D,3,0,1,D,1,1,34.778910378482,Да,0
C,A,1,0,0,A,0,0,33.499109605339896,C,B,4,1,1,D,1,0,91.2335149905983,Нет,0
B,C,5,1,0,A,0,0,64.17895194715773,B,A,2,1,0,D,0,1,27.22816035330473,Да,1
C,B,4,0,0,D,0,0,32.502819750822155,C,A,4,0,0,B,0,0,0.7767446644991183,Да,1
A,A,5,1,1,B,0,0,62.39300404715029,D,D,3,0,0,D,0,0,6.278883090650844,Нет,0
C,D,5,0,1,D,0,1,29.976866872456963,A,A,3,1,0,D,0,0,28.682503396827503,Нет,0
C,C,1,1,0,D,1,1,17.52376055261412,C,D,5,1,0,D,0,0,60.03399934366425,Да,0
D,C,5,0,0,A,0,0,67.47284874049842,D,D,2,0,1,D,0,0,82.26842338835091,Да,1
B,C,5,1,1,C,0,0,47.28851342877449,D,D,4,0,0,D,1,0,59.78201643501152,Нет,0
A,B,1,1,1,B,1,0,88.27664294864839,D,C,5,1,0,C,0,0,64.7861007705449,Нет,0
A,A,2,0,1,C,0,0,50.96113248865238,D,C,5,1,0,B,0,0,5.215642876416871,Нет,0
B,B,5,1,0,C,1,1,5.313540417973684,A,C,1,1,0,B,1,0,72.25325328127406,Нет,0
B,A,1,0,0,B,0,0,19.625842873491784,D,A,4,0,1,B,0,0,42.12191799114042,Да,0
A,D,5,0,0,C,1,1,64.83101393505515,B,C,3,1,1,C,1,1,81.31828472768635,Нет,0
B,C,5,1,1,D,1,0,30.92638302436205,A,B,2,1,0,B,1,0,28.730808721476564,Нет,0
C,D,5,0,1,B,0,1,18.38659439299771,A,B,4,1,1,C,1,0,55.270449950948766,Нет,0
D,B,1,1,1,D,1,0,72.41333123798202,D,D,2,0,0,D,1,0,10.0237986176549,Да,1
B,B,4,1,0,B,0,1,10.62835053619795,A,C,1,1,1,A,0,1,66.5889623318477,Нет,0
B,A,3,1,0,B,1,1,53.89665344800244,A,C,1,1,1,D,1,1,90.537829942038,Нет,0
B,A,1,0,0,C,0,1,83.22083196501731,C,C,3,1,1,B,1,0,81.27301047925879,Нет,0
B,A,5,1,0,C,0,1,48.13018364316154,D,D,1,1,1,C,0,1,78.78211891042031,Да,0
C,A,3,0,0,C,1,0,30.85300605621374,D,C,3,0,1,A,0,1,40.6376032629347,Нет,0
A,D,4,1,0,C,1,0,69.33985910364807,C,D,3,1,0,A,1,0,24.78552927181842,Да,1
D,B,4,0,1,B,1,0,82.29964786973365,A,B,5,0,0,D,1,1,2.2658850400421704,Нет,0
D,A,3,1,0,C,1,0,12.883130459004832,B,C,4,1,1,C,1,1,39.67591837152187,Нет,0
A,D,5,1,0,B,0,0,39.24065173872731,B,B,1,1,1,C,0,1,94.4636138916862,Нет,0
D,C,4,0,1,A,1,1,44.28535193914978,B,B,3,0,1,A,1,0,83.64072391721268,Да,1
A,A,3,1,1,A,1,0,11.359999072599036,A,A,1,0,1,D,1,1,26.506777280229574,Да,0
A,B,2,0,1,B,1,0,83.67008424725276,B,B,3,0,1,D,0,1,50.39665023299818,Нет,0
C,D,1,0,0,B,0,1,3.5490479413091918,D,C,4,0,1,C,0,1,59.97022975419791,Нет,0
B,C,5,1,1,C,0,1,80.88048380204937,C,C,1,1,1,D,1,0,61.11150061523922,Нет,0
C,B,2,1,1,C,1,1,59.44027519830224,C,C,4,0,0,B,1,1,65.47370141804902,Нет,0
A,D,4,1,1,B,1,1,66.78384547922911,C,B,3,1,1,D,1,0,33.86488529044508,Нет,0
D,D,5,1,0,D,1,1,56.25001711830885,D,B,3,1,1,A,1,1,6.434487237002884,Да,0
A,C,1,1,0,B,0,1,52.89528420843005,C,D,2,1,1,C,0,0,45.42211637004142,Нет,0
C,D,2,0,0,B,1,0,23.071480324364792,C,B,5,1,0,B,1,1,63.913276451289306,Да,0
C,C,5,0,1,B,1,0,20.210799449257237,D,B,4,1,0,B,1,1,6.467531486146482,Нет,0
C,A,1,1,1,B,0,1,5.244082236824211,A,D,4,0,1,A,1,1,72.4443972170326,Нет,0
A,B,5,1,1,D,1,1,7.424221162608536,D,B,5,0,1,A,1,0,66.55690788452432,Да,0
D,B,2,0,1,D,1,1,48.222403620266206,A,B,4,0,1,B,1,0,1.887482909860727,Да,1
A,A,2,1,0,B,0,0,46.72897064524621,D,A,2,0,1,A,1,0,5.026853663743902,Нет,0
C,C,3,0,1,C,1,1,20.977370878093023,B,A,2,1,0,B,1,0,58.184715805988,Нет,0
C,D,5,0,1,C,0,1,57.95371679994408,D,D,5,1,1,D,0,0,21.25666850287403,Да,1
D,D,1,1,0,B,1,1,43.39875896482784,A,A,1,0,1,A,1,0,23.3644101653215,Нет,0
D,C,5,0,0,B,1,1,64.11712207513915,C,B,4,1,0,D,0,0,2.7634068220619645,Нет,0
D,B,3,0,0,B,0,1,11.092339256703376,C,B,5,0,1,C,0,0,43.660826534921085,Нет,0
B,C,5,0,1,B,1,1,80.46230004726881,A,A,2,1,0,A,0,1,35.10864543975188,Нет,0
A,A,4,1,0,A,1,1,1.3047714065833604,B,A,3,0,0,A,1,0,23.1896684843906,Да,1
D,C,4,1,1,C,0,1,45.16996433725416,C,A,1,0,0,C,0,1,82.9605565788244,Нет,0
C,B,1,0,1,A,0,0,26.257718065215546,B,B,2,0,1,B,0,1,35.936126012597214,Да,1
C,D,2,0,0,B,0,1,99.76339935713884,C,D,4,1,0,A,1,0,30.62325164597666,Нет,0
C,A,4,1,0,D,1,0,46.52182346867087,C,B,3,0,0,A,0,0,75.88991953119363,Нет,0
B,B,1,1,0,D,1,1,51.12525693471813,C,D,4,1,0,D,0,0,99.97258544273348,Нет,0
C,D,5,1,0,D,1,1,22.64388204362996,A,B,4,0,1,A,0,1,56.90418804290741,Нет,0
B,B,3,1,1,A,0,1,60.24392467150326,C,A,1,0,1,A,1,0,79.30752104441223,Нет,0
B,B,5,1,1,C,0,0,2.358520096866712,D,A,1,1,0,C,0,1,0.4771606056670596,Нет,0
A,A,3,1,1,C,1,1,65.4039692838576,C,A,3,1,1,B,1,0,80.89911930752723,Да,1
D,D,5,1,0,D,1,0,49.758716907102254,C,D,1,0,1,D,1,0,35.28933097619992,Да,1
D,D,4,0,0,D,1,0,28.271201135943336,B,D,5,1,1,B,0,0,43.52341298929219,Нет,0
A,B,5,0,0,A,0,0,0.1411827051191028,C,B,4,0,0,D,1,1,8.602724454372868,Нет,0
A,D,4,0,1,D,0,0,79.75064907406895,D,C,3,1,1,B,0,0,66.94940632110446,Нет,0
A,D,2,0,0,B,1,0,28.0260804046764,C,A,3,1,0,B,0,1,60.051561308227086,Нет,0
C,C,2,0,0,D,1,0,59.86909935726341,B,B,4,1,0,D,1,0,89.132713976345,Да,1
A,C,2,1,0,D,1,0,71.2464383074155,D,A,2,0,0,C,1,0,48.94858047809921,Да,1
A,B,4,1,1,A,1,0,85.4083513013321,A,A,3,1,1,D,0,0,85.42231988407771,Да,1
D,D,3,1,1,A,0,0,75.256265055162,C,D,3,0,0,B,0,0,87.16288827001584,Да,1
A,C,3,1,0,D,1,1,66.64022957738086,A,A,5,1,1,A,1,1,16.714806947343753,Да,0
D,A,3,1,0,B,1,1,65.81854760821676,B,B,4,0,0,C,0,1,27.08484576371484,Нет,0
A,D,5,0,1,C,0,0,50.18249724043595,C,A,2,0,0,D,1,0,32.44749704530248,Нет,0
C,A,2,1,1,D,0,1,81.04177712165912,B,C,4,1,0,B,1,1,44.29672681842168,Нет,0
B,A,3,1,1,D,1,0,79.87882226393569,A,D,2,1,1,C,0,1,44.47890485149444,Нет,0
C,C,5,1,1,B,0,1,6.196664784365935,D,B,4,1,0,A,0,1,0.5215867692218268,Нет,0
A,B,4,1,0,D,1,0,62.68132721410474,C,D,4,0,0,B,0,1,58.575365907584434,Нет,0
D,D,2,1,0,A,0,1,23.46067991899912,C,D,4,0,1,C,0,1,52.610519637197726,Нет,0
D,C,3,1,0,B,0,0,65.6218102245139,D,B,1,1,0,A,0,1,89.3673026615927,Да,1
B,B,5,0,1,D,1,1,10.08769799553596,A,D,2,1,0,D,1,1,58.53392207519836,Нет,0
C,A,4,0,1,C,1,1,66.29565430764758,D,C,4,0,0,A,0,1,47.98908692440014,Нет,0
D,A,4,1,0,A,0,0,49.325654613094095,A,B,3,0,1,B,0,1,51.30083268547367,Нет,0
B,D,2,0,1,D,0,1,39.57299257246039,D,B,4,1,0,C,1,1,13.60285728971732,Нет,0
B,D,5,0,1,A,1,1,31.290832100885638,A,A,5,0,0,A,1,1,52.73142355117807,Да,1
D,A,5,1,1,D,0,1,50.31354088189482,D,B,1,1,1,D,1,0,95.25535071111936,Да,0
D,A,2,0,0,C,0,0,49.84772252470584,A,D,4,1,1,C,0,0,12.18579494227242,Нет,0
B,A,1,1,1,B,0,0,9.194874783516417,A,C,4,0,0,C,1,1,29.71674496465545,Нет,0
B,B,2,1,0,A,1,0,97.15487748654908,C,C,1,0,0,C,1,1,64.78009616992347,Нет,0
B,D,1,0,0,C,1,0,0.923340134931494,C,D,5,0,0,D,0,0,79.50802976049329,Да,1
C,D,1,0,0,C,0,0,18.22705953692232,C,B,3,1,1,D,0,1,94.3919978893912,Нет,0
C,A,3,1,1,C,0,1,74.97841048585263,C,B,4,1,0,C,0,1,65.25720346216225,Да,1
C,D,5,1,1,D,1,0,36.19442638063083,C,C,2,0,1,D,1,1,39.0451017512176,Да,0
D,A,3,0,0,A,0,1,51.734734096446566,A,C,2,1,0,A,0,0,14.902744016959367,Нет,0
A,C,1,1,0,D,0,1,84.54498133048448,C,B,4,1,1,C,0,0,13.39928245627342,Нет,0
D,B,5,0,0,B,0,0,84.6005577282231,D,C,4,0,0,B,0,1,24.04216222432477,Да,1
D,B,5,0,0,B,1,1,6.133509918569235,C,C,5,1,0,A,0,1,5.496183752056661,Нет,0
B,C,3,0,0,B,0,0,35.69042112655929,C,B,3,0,0,B,0,0,11.712187641860917,Да,1
D,B,5,0,1,A,0,0,59.96615728904313,A,D,2,1,1,B,1,1,34.59851057658583,Нет,0
B,A,2,0,1,A,0,0,87.62223853810136,B,C,2,1,1,D,1,0,80.61412648130833,Да,0
B,A,1,1,1,D,0,1,34.60695389934434,B,C,3,1,0,C,1,1,53.32439702227476,Нет,0
C,D,1,1,1,A,1,1,72.81360884635168,C,A,2,0,0,C,1,1,19.425942225913484,Нет,0
A,C,4,0,1,B,0,1,96.11616066231122,C,A,5,0,0,B,0,0,29.529522306109644,Нет,0
B,A,2,1,0,A,1,0,78.66831235024316,A,D,4,0,1,B,1,0,68.46736350866546,Нет,0
A,D,5,0,1,B,0,1,44.481012937410455,D,D,2,0,1,D,0,0,33.31990988388596,Да,1
D,C,1,1,1,D,1,1,3.3154033393909987,C,B,1,1,0,B,0,0,96.50916073446191,Нет,0
A,C,3,1,1,B,0,0,28.350714305058634,C,D,1,1,0,D,0,1,72.27326362073042,Нет,0
D,C,1,0,0,C,0,1,20.75762737123872,B,B,4,1,0,B,1,0,33.765828069222515,Нет,0
B,D,3,1,0,A,1,1,59.60779897227292,A,D,4,0,1,D,1,1,51.40664392817797,Нет,0
C,A,3,0,1,B,0,0,48.80805286198131,B,A,4,0,1,C,1,1,87.77955610244805,Нет,0
C,D,5,1,1,A,0,1,92.59814079005707,A,A,3,1,1,A,0,1,24.837551620418772,Да,1
C,D,1,0,0,D,1,1,57.59363923238262,A,D,2,0,0,C,1,0,99.69482694349804,Да,1
C,C,4,0,0,A,0,1,47.02738837791489,D,C,2,0,1,B,1,1,55.14030179199805,Нет,0
D,A,3,0,0,D,1,1,14.049549321638043,D,B,5,1,0,A,1,1,37.52656829774696,Да,1
B,A,4,1,0,C,0,1,93.66020822017866,C,A,5,0,0,A,1,0,67.54240873973596,Нет,0
B,C,2,1,1,D,1,1,42.55543976393227,D,C,4,1,1,B,0,1,36.08836181804123,Да,0
A,C,4,1,0,B,0,1,76.3364008165327,D,B,1,0,1,D,1,0,89.63018176194161,Нет,0
D,D,4,1,0,A,0,1,12.305414455537866,A,D,4,1,0,A,0,0,63.21752994662022,Да,1
B,B,2,1,0,A,0,0,25.812897944748222,C,A,5,0,0,B,0,0,95.90786389244516,Нет,0
A,C,3,0,0,B,1,1,23.703385271742818,C,C,1,1,0,D,0,1,19.537850899329577,Нет,0
C,C,2,0,0,B,1,0,89.56378959708597,D,B,2,0,1,C,1,1,1.3890936919319865,Нет,0
B,C,3,1,0,C,1,0,95.24257036729983,B,B,2,1,0,A,0,0,69.93142041832539,Да,1
C,A,1,1,0,C,1,1,29.00938178390431,D,B,5,0,0,C,0,0,77.50094559067938,Нет,0
D,A,3,1,0,B,1,1,81.92901819010113,A,A,5,0,1,B,1,1,38.3316909205095,Да,0
C,D,1,0,1,A,0,0,34.57265664336383,D,C,2,0,0,B,1,1,29.64251201454321,Нет,0
D,B,4,1,1,C,0,0,56.08696887021522,A,B,3,0,1,C,1,1,33.132543066081595,Нет,0
D,B,3,1,0,B,1,0,53.53352126156027,C,A,5,0,1,D,1,1,50.852912608508106,Нет,0
D,C,1,1,1,C,1,1,25.93750755951784,B,D,5,1,0,D,0,0,38.16040921741441,Нет,0
B,D,2,0,1,C,1,1,95.74375539521527,C,A,3,1,0,D,1,0,81.90313847447554,Нет,0
A,C,5,0,0,B,1,1,48.43388416340516,B,C,2,0,0,A,0,1,36.11717464307655,Да,0
D,A,1,1,1,D,0,1,81.841222460137,B,C,1,0,0,B,0,1,54.12951316599299,Нет,0
A,D,5,1,1,D,0,0,5.3550545052676535,B,A,3,1,1,D,0,0,86.80853849417659,Да,1
B,D,2,0,1,B,1,0,80.35469214943281,D,A,1,0,1,D,1,1,87.29393421647694,Нет,0
D,C,2,1,0,B,0,0,10.229954540179008,D,A,3,0,1,D,0,1,95.23376210133266,Нет,0
C,B,1,1,1,C,1,0,22.09286232101646,B,D,4,0,0,A,1,0,21.17717348591577,Нет,0
C,A,2,1,0,C,0,0,74.69518846377912,A,A,3,0,1,B,0,0,75.08930531330998,Нет,0
B,B,1,1,1,C,0,1,89.2262344592685,A,A,4,1,1,D,1,1,30.11071034161753,Нет,0
D,D,1,0,0,D,0,1,28.70607287245056,A,C,2,0,0,B,0,0,64.01950245929898,Нет,0
D,A,3,0,0,D,1,0,14.90836522877268,B,B,2,1,1,D,1,0,48.141722117448495,Нет,0
A,A,1,0,1,D,1,0,55.892951713380704,D,B,4,0,1,D,1,1,56.89762330975725,Да,1
C,B,1,1,1,C,0,0,81.24116511555124,B,D,2,0,1,D,0,0,58.96541476013864,Нет,1
C,D,5,1,0,D,0,1,45.57712443529244,A,A,4,0,0,D,1,1,40.82759193733023,Нет,0
A,C,5,0,0,A,0,1,1.4851646796392837,D,C,1,0,1,B,1,0,62.02017503650591,Нет,0
A,C,2,1,0,A,1,1,99.50552832206428,B,C,5,0,1,B,0,0,93.24708436756777,Нет,0
A,B,2,0,1,B,1,0,11.774843628578148,B,D,2,1,1,C,0,0,9.81839421779014,Нет,0
C,C,2,1,0,C,0,1,26.884686685547,D,D,2,0,1,C,1,1,57.89978989906598,Нет,0
B,A,3,0,1,D,0,1,92.97707747418892,A,C,5,1,1,B,1,1,30.37563575418396,Нет,0
C,A,4,0,0,B,0,0,94.98813397784768,D,A,1,1,1,C,1,1,57.63185862801511,Нет,0
A,A,3,0,0,D,0,1,98.70241495109606,B,B,2,1,0,B,0,0,57.7558923868756,Нет,0
B,D,5,1,1,C,1,1,23.83636054220751,B,C,4,0,0,C,0,0,67.06805601496784,Нет,0
D,B,1,1,1,C,1,1,19.23073660594541,D,D,5,0,0,A,0,0,62.58276682988036,Нет,0
C,B,4,0,0,A,1,1,27.78695367377463,D,A,3,0,0,B,1,1,62.51590707238079,Да,1
D,C,5,1,0,C,0,0,97.65510625334528,C,B,3,1,0,B,0,0,56.05678921353409,Да,1
D,A,3,1,0,C,0,1,61.18879270125554,D,D,3,1,0,B,0,1,62.310629886725,Да,1
C,D,3,1,1,B,0,1,7.232822129759575,B,C,1,0,0,D,0,0,90.0131056093548,Нет,0
B,D,1,1,0,D,0,1,75.39530761480664,A,A,2,1,1,C,0,0,71.35880547199697,Нет,0
B,A,5,0,0,D,0,0,47.89133668279042,A,B,1,1,0,B,1,1,59.93833189325263,Нет,0
B,A,5,1,0,A,1,0,3.1326503281088325,C,A,2,0,1,D,0,1,77.07626322127376,Нет,0
D,B,4,1,1,B,1,0,88.65086233639792,D,A,2,0,0,B,1,0,4.156298322936369,Да,1
B,A,1,1,0,C,1,1,53.94316271508731,C,C,2,1,1,D,1,0,44.07612654841968,Нет,0
C,C,2,1,0,C,1,1,26.94979878036031,C,B,3,1,1,C,0,1,29.5302096209872,Да,0
D,D,3,1,1,A,0,0,27.314111812051436,D,C,5,0,0,B,1,1,78.05678917619707,Нет,0
A,C,3,1,1,D,0,0,76.59002819438885,D,C,3,0,0,A,0,1,7.830641588128184,Нет,0
A,A,2,1,0,C,1,1,10.105456658537417,B,A,2,1,1,D,1,1,12.326223954025007,Да,0
B,D,3,1,1,C,0,1,35.93706578752134,A,A,1,0,0,B,0,1,61.7699741396066,Нет,0
C,A,2,0,0,A,0,0,21.00903313262257,C,B,4,1,1,C,0,0,93.31178209903948,Нет,0
C,D,4,0,1,C,0,1,96.39232765572228,A,A,3,1,0,C,0,0,29.1000501951364,Нет,0
A,C,3,1,1,A,0,1,13.776891150686998,C,B,4,1,1,A,1,1,67.29364777768757,Да,1
B,A,3,1,0,B,0,0,53.62288925252835,A,D,2,0,0,B,0,1,47.51760986025908,Нет,0
B,C,5,0,0,A,1,0,2.0457271566344803,C,B,2,0,1,D,0,0,33.30163117037448,Нет,0
B,D,5,0,1,B,1,1,91.9842333634316,B,B,2,1,1,D,1,1,49.05947190830449,Да,0
A,A,2,1,0,D,0,1,38.66362791134712,C,A,4,1,1,C,0,0,18.44962968588956,Нет,0
A,A,2,0,0,B,1,1,48.13992940062137,C,D,2,1,0,B,1,0,97.39665160552198,Да,0
A,A,4,0,0,A,0,1,53.05534763001513,C,D,3,1,1,D,1,0,25.785819985344183,Нет,0
C,C,5,0,0,B,0,0,12.282422915371416,B,C,1,0,0,C,1,0,37.20226358764278,Да,0
B,B,3,1,1,C,1,0,2.4102473946855385,C,D,5,0,1,B,1,1,19.343904490865302,Нет,0
B,C,3,0,0,D,1,0,66.00296175281933,C,B,1,1,0,B,1,1,72.7774567860794,Нет,0
A,D,1,0,1,C,1,1,55.2260801733485,B,C,5,0,0,A,1,0,36.45192460264723,Нет,0
B,A,3,1,1,D,1,1,43.741714179814565,D,B,2,0,1,B,0,1,75.31684476795064,Нет,0
D,D,1,1,1,D,0,1,90.83875507731985,A,D,2,1,1,C,1,0,53.060023334958885,Нет,0
B,D,5,0,1,A,0,0,13.917789459389796,A,B,4,0,0,D,0,0,73.86734165889234,Нет,0
D,A,4,1,1,A,1,0,48.75129494852477,B,A,1,1,1,A,1,0,69.45343841606801,Да,1
B,B,5,1,0,B,0,1,92.41471605427452,C,B,2,0,1,D,1,0,13.535321941580136,Нет,0
D,D,4,1,1,A,0,0,44.743204834591424,C,D,4,0,1,B,1,1,22.11733501017645,Нет,0
A,D,4,0,1,C,0,1,6.464434451761825,A,A,5,0,1,B,0,0,54.55296290135554,Да,1
C,C,4,1,1,D,1,0,22.873485834539974,A,C,5,0,0,A,1,0,46.09011647438142,Нет,0
C,D,3,1,0,A,0,0,37.90257910616974,D,D,5,0,0,B,1,1,87.50412036019283,Нет,0
B,C,1,1,1,A,0,1,75.61189205509802,D,C,5,1,0,A,0,1,86.42919668173641,Да,1
B,D,2,0,0,C,0,1,73.8960970466235,B,C,1,1,1,B,1,0,63.96813089998852,Нет,0
A,A,3,1,0,C,1,1,69.9406728296892,C,D,1,1,0,B,1,1,39.564664845594535,Да,1
B,C,4,0,1,C,1,1,57.43920381415656,A,B,3,1,0,A,1,1,25.50178085915087,Нет,0
C,A,3,1,0,C,1,1,53.18903883470105,D,B,2,0,0,D,0,1,72.59894449539865,Нет,0
A,A,3,0,0,A,1,0,12.708736544899624,A,D,1,0,1,B,0,0,79.11022271162236,Нет,0
C,D,4,1,1,B,0,1,54.97856638929908,C,A,5,1,0,B,1,0,96.09935800627774,Нет,0
A,D,2,1,1,B,1,1,35.10119730733516,A,A,5,0,1,C,1,1,71.43648752337964,Да,1
D,C,2,0,0,B,1,1,83.83507897998102,D,C,2,1,1,D,1,0,54.20687110127859,Да,0
B,D,2,0,1,C,0,0,25.30067600485202,D,A,1,1,0,A,1,0,11.800680061869029,Нет,0
C,A,4,1,0,A,0,0,16.99632837569869,D,A,5,1,0,B,0,0,35.41346871689603,Да,1
C,D,1,1,0,B,0,0,5.852524301666118,D,C,5,0,1,A,0,1,35.67007929630219,Нет,0
A,B,1,1,1,B,1,0,53.56470143581854,C,B,1,1,0,D,0,0,92.12768512673134,Да,1
A,B,1,1,1,C,1,0,89.30801891035314,D,B,5,0,1,D,1,1,25.741979432075603,Нет,0
A,D,4,0,1,B,0,1,50.61917076724682,C,D,2,1,0,C,1,0,90.73853988949884,Нет,0
D,A,3,0,1,C,0,1,50.64583055267591,C,B,1,1,0,C,0,0,4.762948912233411,Нет,0
C,A,4,0,0,A,1,1,49.23969075813157,B,D,3,0,1,A,1,1,29.0879445283711,Да,1
C,A,3,0,1,B,0,0,5.387962987823524,D,B,1,1,0,D,1,1,96.79776166026384,Нет,0
D,A,4,0,1,A,0,1,1.4014099577341343,D,D,4,1,0,C,1,0,24.19136368344702,Нет,0
B,A,3,1,1,D,0,0,48.70068908211817,B,C,3,0,1,D,0,0,67.01400513202485,Да,1
A,C,3,1,1,C,1,1,87.94411864401177,D,D,1,1,1,A,0,1,7.85020695740114,Нет,0
C,D,4,0,1,D,1,0,35.805406619224115,D,A,2,1,1,B,0,0,30.52085747386684,Нет,0
D,A,3,1,1,C,0,1,56.07365877900138,B,C,3,0,1,B,0,1,90.98902759560008,Да,0
A,A,5,0,1,A,0,1,90.94390149795244,A,A,1,1,1,C,0,0,37.05997074838928,Да,1
B,B,5,0,1,D,0,0,16.57340489376491,C,B,5,0,0,B,0,1,4.338271383207648,Да,0
B,D,1,0,1,C,1,0,4.683261176524978,C,D,3,1,1,C,1,0,16.274577870377506,Да,1
C,B,3,1,1,B,0,1,55.63793353032126,C,D,4,0,1,C,0,0,17.003375849304714,Нет,0
D,A,4,0,1,A,0,1,30.440687050844677,B,A,2,1,1,A,0,0,80.68993454535911,Да,1
B,B,2,0,1,A,1,0,11.95899250621214,A,C,2,0,0,D,1,0,30.72485060232516,Да,0
C,A,5,1,1,C,1,1,96.97770746277052,A,A,5,0,1,A,1,1,62.3178713518165,Да,1
B,B,5,1,1,A,0,0,82.46814750915138,A,D,3,0,0,A,0,1,49.637103938502655,Нет,0
D,A,2,0,1,B,1,1,28.318534016758644,C,D,5,1,1,C,0,1,57.4113655763142,Нет,0
D,C,5,0,1,D,1,0,46.31005945571842,B,B,3,0,1,A,1,0,42.48429304182309,Да,1
C,C,1,1,1,A,0,0,5.973596086088683,A,B,5,1,0,C,0,1,80.44831879591555,Нет,0
C,C,1,1,1,D,1,0,73.27594568258509,D,A,3,0,0,B,1,1,34.508603197370604,Нет,0
B,A,3,0,1,B,0,0,25.67749559385449,C,D,4,0,1,C,1,0,89.72908813845157,Нет,0
B,A,2,0,0,B,1,1,39.56703949112212,D,A,3,1,0,C,0,0,2.042414971813933,Нет,0
A,A,4,1,1,D,1,1,18.18520300450317,A,B,3,0,0,A,1,1,67.4681900668674,Нет,0
B,D,1,0,0,C,0,1,69.63552163578808,B,B,4,1,0,C,1,0,84.42192230405698,Нет,0
B,D,1,0,0,D,1,1,15.451409127228477,B,A,2,1,1,A,0,1,54.28716439768403,Нет,0
B,C,4,1,1,C,0,0,38.92165849532595,A,D,1,0,0,A,0,1,25.98947529825161,Нет,0
D,D,2,1,0,D,1,1,11.352990812026032,A,A,1,0,1,D,0,0,15.750324434699516,Нет,0
C,D,4,1,1,B,0,1,88.25895179920471,D,A,3,0,1,A,1,0,5.78308309349691,Нет,0
A,C,1,0,0,B,0,1,68.79298997372068,B,B,3,0,0,A,0,0,37.87261710596528,Нет,0
D,B,2,0,1,A,1,0,56.16986456652043,A,D,3,1,0,B,1,0,57.717338758639706,Нет,0
D,D,3,1,0,C,0,1,35.612518969257835,C,A,5,1,1,B,0,1,66.69700204273965,Нет,0
B,C,1,1,1,C,1,0,76.16268307037028,C,C,3,1,0,A,1,1,86.42464038911271,Нет,0
B,C,1,0,0,D,0,1,44.66736161496476,A,A,1,1,0,C,0,0,86.7064974441051,Нет,0
B,B,1,1,1,A,1,0,43.23705775693247,A,C,1,0,1,B,1,1,60.21823586476381,Нет,0
B,A,1,1,1,B,0,1,76.9155307230892,A,D,3,1,1,C,0,0,66.64640220152688,Нет,0
B,C,5,1,0,D,1,0,17.313414992175957,C,B,2,1,1,C,0,0,87.32875146382656,Нет,0
D,A,2,1,0,B,0,0,85.79949323887688,B,D,5,0,0,D,1,0,96.51449560383531,Нет,0
B,D,4,1,0,C,0,0,6.345376007813397,A,B,1,1,0,B,0,1,84.10112328329731,Нет,0
C,B,5,1,0,B,1,0,15.825014432235928,C,D,1,1,0,C,1,1,44.546668558025615,Да,0
D,B,3,1,1,A,1,0,31.7629602217124,B,A,3,1,0,C,0,1,89.51028298511133,Нет,0
A,C,5,1,1,D,0,1,18.91445794917014,A,C,3,0,1,C,0,0,1.152375235379477,Да,1
C,B,1,0,0,A,1,1,97.98770877581605,D,A,4,1,0,D,1,1,33.87459916355166,Нет,0
A,C,3,0,1,C,0,0,68.8473456262659,D,C,1,0,0,A,1,1,82.82776349917283,Нет,0
B,B,3,1,1,D,1,1,55.92131653362708,B,A,5,0,0,C,1,0,10.636093513787404,Нет,0
D,B,5,1,0,A,0,1,81.47657037912867,A,D,5,0,0,C,0,1,31.43008862158103,Да,0
A,B,3,0,1,A,1,0,29.393641662137227,C,D,1,0,1,D,0,1,24.98979928961396,Нет,0
A,C,4,0,1,C,0,1,26.61221230384514,B,D,4,0,1,C,1,1,36.74986619887677,Да,1
C,D,3,0,1,B,0,1,82.90700477914774,B,B,1,0,1,A,1,1,78.24968054295064,Нет,0
A,A,5,1,0,B,1,1,67.9417533905685,C,C,1,0,0,D,0,1,62.08126914128477,Нет,0
A,B,2,0,1,C,0,1,30.526038523621835,C,A,5,1,0,B,1,0,7.598988755359537,Нет,0
C,B,4,0,1,D,0,0,79.73730484846018,B,D,1,1,0,D,1,0,46.424661763828986,Нет,0
A,B,3,0,0,B,1,0,61.12490909590812,B,B,1,0,1,D,0,1,83.4293931050354,Нет,0
C,D,5,1,1,D,1,0,76.42877638263343,B,B,3,1,0,C,1,0,80.26839418307286,Нет,0
B,B,3,0,0,A,1,1,93.59231616815478,B,B,4,1,1,B,0,1,62.71946916620029,Нет,0
A,D,5,1,1,B,1,0,90.80760258561229,A,C,5,1,0,B,1,1,55.15075009555092,Да,1
C,B,1,1,0,B,1,1,86.48155954022347,A,C,4,1,1,D,1,1,9.639377914244896,Нет,0
C,A,1,1,0,C,0,1,61.607264036030266,C,B,1,0,1,C,0,0,20.1305116608956,Да,0
D,B,4,0,1,D,0,1,37.27674383968987,D,A,5,1,1,D,0,1,41.63976960214557,Да,1
A,D,4,1,0,D,0,0,92.96644274736832,C,D,2,1,1,A,0,1,87.44326503687884,Нет,0
B,D,1,1,1,D,0,1,89.9279899071479,D,D,4,0,1,D,0,0,52.73290313647423,Да,1
A,C,4,0,0,C,1,0,46.13536529309162,A,B,2,0,1,A,1,1,62.17423344185772,Нет,0
C,D,5,1,1,A,0,0,37.5685719340977,A,D,5,0,0,A,1,0,44.63445618211366,Да,0
B,B,1,1,1,B,0,0,7.829898333190632,B,C,4,0,0,D,1,0,33.41740331353405,Нет,0
C,A,2,0,0,A,0,1,78.03441354476544,C,D,3,0,0,B,1,1,6.553302040331932,Да,1
D,C,5,1,1,A,1,0,28.89253531733057,A,B,3,1,1,C,1,0,6.848599965326264,Да,1
C,C,2,0,1,D,0,1,17.870330360171018,D,B,4,1,0,B,1,1,81.63588634789905,Нет,0
D,D,3,0,0,D,0,1,19.927945066786133,C,A,2,1,1,B,1,1,19.86729756590163,Нет,0
C,D,4,0,0,D,1,1,26.09603626492777,C,D,3,1,0,C,0,1,96.40597122335971,Да,0
C,A,5,0,0,C,0,1,78.4402957600913,C,C,2,0,0,A,0,0,52.164206729251895,Да,0
B,A,2,0,0,C,0,0,80.61327951221358,B,A,2,1,1,C,0,0,74.65936465384576,Да,1
C,C,4,1,1,D,1,1,41.36205249924504,C,C,2,0,1,D,0,1,37.60867193119826,Да,0
C,A,5,0,1,A,0,0,2.106932803522199,B,D,4,0,1,C,1,1,47.09458270775894,Нет,0
B,D,4,1,1,B,0,1,18.99486914585634,B,B,2,0,0,A,0,1,54.4396109391304,Нет,0
C,B,2,1,0,B,1,0,42.73921437860224,C,D,4,0,1,C,1,1,60.21047898255036,Нет,0
B,A,3,0,1,B,0,1,57.109071805964895,C,A,3,0,0,A,0,0,63.88709414979322,Да,0
C,C,2,0,0,B,0,1,59.474036684168354,A,C,2,0,0,C,0,0,24.527443011272897,Да,0
C,C,4,0,1,A,0,0,75.62436321255261,C,A,2,0,0,A,1,1,65.59578085302714,Нет,0
B,A,1,0,1,B,0,1,63.82765518654647,A,D,5,0,1,A,0,0,6.510408082596242,Нет,0
B,A,4,0,0,B,0,1,4.445342393241081,D,A,2,1,0,D,1,0,67.44185462806225,Нет,0
D,D,2,1,0,C,1,1,46.3466872629896,B,C,3,0,1,B,1,1,81.20749140411552,Нет,0
B,C,2,1,0,A,1,0,49.99189391675268,B,B,4,0,0,D,1,1,43.82562431239604,Нет,0
B,A,3,0,0,C,1,0,84.26487502364459,D,B,4,1,1,D,0,0,60.722386185741605,Нет,0
C,D,2,0,0,D,0,1,78.26826166718284,A,A,4,1,1,B,1,1,3.8907700043333326,Нет,0
C,C,3,1,1,B,1,0,34.613358459282985,C,D,2,0,1,D,1,1,33.713710659881016,Нет,0
B,A,3,1,1,C,0,1,8.090662238057655,B,D,4,1,1,C,1,0,17.31518604211001,Да,0
B,B,1,0,1,B,0,1,35.93074050326494,B,C,3,1,1,C,0,1,63.47217841760388,Да,1
D,A,4,1,1,B,0,0,42.02395840141324,C,C,2,0,1,A,0,1,56.243860759503065,Нет,0
C,D,5,1,1,A,0,0,35.26916641655007,C,A,3,1,1,A,1,0,21.45609129341095,Да,1
B,D,2,0,1,D,0,0,0.6988329891394196,C,B,1,1,1,B,0,0,65.70837065798524,Нет,0
A,C,5,0,0,A,0,1,71.25036060330345,B,D,5,0,1,B,0,0,8.89161783471738,Нет,0
B,D,1,1,0,A,0,1,21.07482372750852,D,A,1,1,1,B,0,0,24.290955709406536,Нет,0
D,A,5,1,1,B,1,1,95.4646493284631,C,D,3,1,1,D,1,0,57.70975484090825,Нет,0
B,A,5,1,0,D,1,0,15.98367478196623,A,B,5,1,0,D,1,0,22.43684485492139,Да,1
C,D,1,0,0,D,0,1,71.16992640146117,B,C,5,1,1,A,0,1,79.3156439712382,Нет,0
D,B,1,0,0,A,0,0,75.20988253942204,A,D,2,0,1,C,0,0,92.65951100757934,Нет,0
A,D,4,1,0,C,0,0,88.28571080415514,C,D,3,1,0,C,0,1,97.54102837714944,Да,1
C,A,3,0,1,C,1,1,83.54385999329216,A,C,5,0,0,D,1,1,86.60397421939304,Нет,0
B,B,4,0,0,C,1,1,61.16700447223875,B,A,5,1,1,C,0,1,26.567831240330808,Нет,0
A,B,2,0,0,C,1,1,80.46336799862928,A,C,3,0,0,B,0,0,12.84668808259928,Нет,0
C,B,4,1,0,C,1,0,97.74445949781784,D,B,3,0,1,A,1,0,94.93167675997124,Нет,0
C,B,3,0,1,C,0,1,15.0718270256049,B,A,1,0,0,D,1,1,30.82206583395487,Нет,0
D,C,2,1,0,C,0,1,24.71268525244478,C,A,4,0,0,A,1,0,49.67819031446696,Нет,0
D,D,4,1,1,C,0,0,76.59167892833253,B,B,4,1,1,A,0,0,13.92589395089352,Да,1
A,B,5,1,0,A,1,1,62.09722038927236,B,B,1,0,1,C,1,1,23.818197944183407,Нет,0
A,B,4,0,0,D,0,0,95.3747383476144,D,B,4,1,1,A,0,0,33.73428314022875,Да,0
D,A,3,0,1,D,0,0,51.475449079835386,B,A,1,1,1,C,1,1,0.9279192726221686,Нет,0
A,D,3,0,0,B,1,0,43.33029581016387,D,A,4,1,1,C,1,0,27.72469218633016,Нет,0
A,A,5,0,0,C,0,0,85.34172462006629,A,B,2,1,0,A,0,0,15.456589676498169,Да,1
D,A,1,1,1,B,1,0,91.15493879715405,A,A,3,1,0,A,0,0,72.46556521199969,Нет,0
B,B,1,1,1,A,1,1,85.05858085813313,A,C,2,0,0,A,0,1,84.51744641109013,Нет,0
C,C,1,1,0,C,0,0,41.19912429008096,B,D,5,1,1,A,1,1,37.30734065549049,Нет,0
A,C,3,1,0,D,1,0,21.06830340141065,D,A,2,1,0,C,0,0,12.777068787137358,Нет,0
C,A,2,1,0,D,0,1,89.59871447795945,A,C,3,1,0,B,1,0,34.17453630386406,Нет,0
A,B,3,1,1,D,0,1,70.36290268891806,B,A,1,1,0,C,1,0,62.73045725485949,Нет,0
D,A,3,1,0,C,0,0,55.992177033185456,D,B,2,1,1,A,1,1,50.25612062083524,Нет,0
A,A,1,1,0,B,0,0,68.40407493351611,B,C,4,0,0,C,1,0,47.28720734229383,Нет,0
A,B,1,0,0,A,0,1,26.193958826987146,D,D,2,1,0,D,0,1,38.16765123464345,Нет,0
D,B,2,0,0,A,1,1,99.18841922924555,D,D,4,1,0,D,0,0,0.7815673663547296,Нет,0
B,C,5,0,1,D,0,1,62.79176073635288,D,A,2,0,1,B,0,0,26.558469028755084,Нет,0
A,C,3,1,1,C,1,0,61.3947675539899,D,A,2,0,1,C,1,0,92.44730533290478,Да,1
A,A,4,1,1,B,1,0,89.65881827938847,B,B,2,1,1,A,1,0,37.06369061372856,Да,1
D,C,1,1,0,A,0,1,36.02887664235729,A,A,5,1,1,B,1,1,7.264041596470482,Нет,0
A,C,1,1,0,D,0,0,66.53930274037721,A,A,1,0,0,C,1,0,72.73400784011328,Да,1
B,A,4,0,1,B,1,0,81.76190792193944,C,A,4,0,1,C,0,1,80.95293717799218,Да,0
C,D,5,1,0,C,0,1,63.07718979827135,B,B,1,0,0,D,0,1,58.43374628390614,Нет,0
C,A,3,1,1,D,1,0,86.36806610280888,B,A,2,0,1,C,1,0,42.88552355525507,Да,1
B,D,4,1,0,C,1,1,14.282271798780554,B,A,4,0,0,C,0,0,99.9292094731373,Да,0
B,D,1,0,1,C,0,0,8.132922242199847,C,D,5,0,1,C,1,0,37.86311234269873,Да,1
A,A,2,0,1,B,1,1,42.19902971170932,B,A,4,1,1,B,0,0,27.787398301653266,Нет,0
B,B,3,0,0,B,0,1,38.988668960126624,A,B,3,0,1,D,0,1,81.61282707640737,Да,1
A,D,4,1,0,C,0,0,99.38260592308194,A,C,5,1,1,C,1,0,33.93425843421639,Да,1
B,B,3,0,0,C,1,0,25.27786449910761,A,C,1,0,0,A,0,0,31.683840904903203,Нет,0
A,A,2,1,1,D,0,0,12.747173869688444,D,B,4,0,0,A,1,1,85.01986670946566,Нет,0
A,B,2,1,1,C,0,1,43.82983755323578,C,B,2,0,0,C,1,1,90.43302456144308,Да,0
C,B,5,1,1,A,0,0,29.614688557171608,C,A,1,1,0,B,0,0,72.0081190390732,Да,1
D,B,1,1,1,B,0,1,47.404494559909,A,A,5,1,1,A,1,1,93.34619715294832,Нет,0
A,C,4,0,1,C,1,1,45.395957627915,A,D,4,0,1,A,0,0,80.17617069625183,Да,0
B,B,4,1,0,A,1,0,51.299363196203096,A,C,4,1,0,C,1,1,14.046473150355132,Да,1
B,A,5,1,0,A,1,0,14.36692547123448,A,B,2,1,1,C,1,1,70.44855651690628,Нет,0
D,B,4,1,0,B,1,0,80.45702115993306,A,B,5,1,1,A,0,0,81.24517267406087,Нет,0
C,B,3,1,1,C,0,1,2.778068593631533,B,D,4,0,0,D,0,0,64.82941644834689,Нет,0
C,C,3,1,0,D,1,1,31.60096759833417,C,C,3,1,1,D,1,0,2.987201865969213,Да,1
C,A,5,0,1,B,1,1,57.66525826718387,B,C,4,1,0,C,0,0,9.372000089539478,Нет,0
A,A,2,0,1,B,1,1,19.10179842406502,C,D,2,1,0,B,0,1,14.118430006334624,Нет,0
B,A,5,1,0,D,1,0,45.72995186724893,A,C,2,1,0,C,0,1,47.43408903103651,Нет,0
C,A,4,1,1,A,1,1,1.0228430575220493,A,A,3,0,1,B,1,1,80.9072629371603,Да,1
A,A,2,1,0,C,0,0,71.66914759992241,A,D,5,0,0,D,0,0,12.804687702952632,Да,0
C,D,2,1,1,D,0,0,79.66661442626862,C,C,4,1,0,D,1,0,89.22658781356775,Да,1
B,D,2,1,1,C,0,0,78.13571127495321,C,D,4,0,1,C,1,1,76.01842949213295,Нет,0
C,D,5,0,0,D,0,0,3.1227423462460435,B,B,5,0,0,D,0,0,44.4923155268992,Да,1
C,A,4,0,0,C,0,0,67.12392052098275,B,A,1,0,0,D,0,1,20.03206542676006,Да,1
D,A,2,1,0,D,1,0,10.739934705175749,C,C,5,0,0,B,1,0,85.21292501880258,Нет,0
C,A,3,0,1,B,0,0,84.21089074154705,A,D,5,0,0,D,0,0,51.18374176684917,Нет,0
C,B,3,0,0,B,0,1,20.303475596400887,A,B,3,1,0,A,0,1,60.97472847152048,Да,0
D,A,3,0,0,B,0,0,42.3316067804379,A,C,2,1,1,B,0,0,26.943407218933626,Нет,0
B,D,2,0,0,A,0,0,41.12800129779232,B,B,4,0,1,B,0,1,17.280074274478608,Нет,0
C,D,5,1,1,A,0,0,59.82767622663856,D,B,1,1,1,A,0,0,26.563584495627445,Да,1
B,A,2,1,0,C,1,1,82.61332233572975,A,D,3,0,1,C,0,0,69.61321350620099,Нет,0
D,A,5,1,1,C,1,0,88.92274133718544,D,A,3,0,0,C,0,1,50.65947442409006,Нет,0
A,C,2,1,0,C,0,1,69.78030489444821,A,B,2,0,1,C,0,1,96.92825237039524,Да,0
A,B,2,0,1,D,1,0,16.787426793038662,A,C,3,1,0,C,0,0,24.84304195418517,Нет,0
C,D,2,0,1,C,0,0,18.60967749494248,C,D,1,0,1,A,0,0,34.145661313599426,Да,1
C,D,3,1,0,B,1,1,61.96094500610148,D,A,5,1,1,A,0,0,97.65442777700578,Нет,0
B,D,5,1,1,B,1,0,0.2794343237008445,A,A,4,1,1,C,0,0,73.02345538561394,Нет,0
C,D,5,0,1,B,1,1,77.00696529710905,D,A,3,1,1,A,0,1,58.5713478599256,Нет,0
C,D,4,1,1,A,0,0,88.1060627370372,D,B,2,1,0,A,1,1,44.40045627421442,Нет,0
D,A,4,0,0,D,1,0,37.96502900780627,C,C,4,1,1,C,1,1,49.54611031406907,Нет,0
A,C,4,0,0,D,0,1,70.40442780408765,A,C,1,0,0,B,0,1,35.14828244844016,Да,1
D,D,1,1,0,D,1,0,79.53221443240534,A,B,3,0,0,A,0,1,1.218829449182024,Нет,0
A,D,4,0,1,D,1,0,91.81650309953268,C,B,3,1,0,A,1,0,43.67105683776401,Нет,0
D,B,2,1,1,B,1,1,52.15523745863483,C,B,2,0,1,C,0,1,55.780721274039344,Да,0
A,B,1,0,1,A,0,0,44.29976566035826,A,D,3,1,1,D,1,1,35.61453589217971,Нет,0
B,C,5,0,0,A,0,0,32.250168143117605,B,A,2,0,1,D,0,0,70.57216299010864,Да,1
B,A,1,0,1,A,0,0,81.387447419365,D,A,2,0,1,D,1,0,13.90600432452368,Да,1
A,C,5,0,1,C,0,1,2.863561069623932,A,B,1,0,1,D,1,0,74.80596783067735,Нет,0
B,D,5,0,0,B,1,1,67.15889685850279,A,D,1,0,0,A,0,0,85.43354084265653,Нет,0
B,B,2,1,1,D,0,1,36.21652149231869,C,C,1,0,1,B,0,0,17.330496525798733,Нет,0
A,B,2,1,0,B,0,1,50.80039883772914,D,D,3,0,1,C,0,1,68.25756015265603,Нет,0
C,A,2,1,0,A,0,1,38.08966122134625,C,C,2,1,0,A,0,0,52.36271737973854,Да,1
C,C,5,0,1,D,1,1,77.2368097908046,B,C,4,1,1,A,0,0,75.34684692916471,Нет,0
A,C,2,0,0,D,1,0,87.92782589126304,C,D,3,0,1,A,0,1,80.59989382545544,Нет,0
D,C,4,1,1,C,1,1,26.36154858302441,A,A,4,0,1,C,1,1,53.11781677349505,Да,1
A,A,5,0,1,D,0,0,43.94732559342395,C,B,1,0,0,C,0,1,54.83275704623778,Нет,0
D,A,2,0,0,B,1,1,49.43549142976913,B,D,3,1,1,C,0,1,64.14622392876052,Нет,0
C,D,3,0,1,B,1,0,59.99776595920214,D,B,4,1,0,A,1,1,87.69855151672982,Нет,0
B,B,2,0,0,C,1,0,95.47492984348584,D,B,5,1,0,B,0,1,69.13419555410104,Нет,0
C,D,3,0,1,A,0,0,52.62083988435956,C,C,3,1,0,C,0,0,85.09521488835455,Да,1
A,D,2,0,0,D,1,0,46.3584715494085,C,D,5,0,0,C,1,0,92.86050170611814,Да,1
D,B,4,0,1,B,1,1,72.17608154780388,A,B,4,0,0,B,1,0,89.59185458899633,Да,0
A,D,2,1,1,B,0,1,34.43055063981467,B,C,4,1,1,A,0,0,63.65485702503872,Нет,0
D,D,1,0,0,A,1,1,33.83170240929895,D,A,3,0,1,C,1,1,70.17909119110206,Да,0
A,C,1,0,0,A,0,0,93.83115181145249,A,C,2,0,0,D,0,1,66.75641901887806,Да,1
A,C,4,0,1,A,1,1,55.48432483836859,A,C,4,1,0,D,0,1,85.86577951484298,Да,0
C,D,5,0,1,A,0,1,27.04789429204911,A,C,5,1,0,D,0,0,36.7094300631973,Нет,0
C,B,2,1,0,B,0,0,66.4696562876317,B,A,2,0,1,B,0,1,64.11415534286985,Нет,0
A,D,5,0,0,C,1,0,93.99719927657382,B,D,1,1,1,B,1,1,28.57627171923773,Нет,0
B,C,3,0,0,B,0,1,7.815017203419295,D,A,2,1,0,A,0,1,75.06721919003682,Нет,0
C,D,2,0,0,A,0,0,44.03749160290401,C,B,4,1,0,D,0,0,85.43967842659993,Да,1
D,D,1,1,1,D,1,0,62.28434592725432,B,A,3,0,0,B,1,1,85.34810744509153,Нет,0
A,D,4,1,1,C,0,0,59.76438728537998,D,A,5,1,1,B,1,0,56.8324281485035,Нет,0
C,D,5,0,1,B,1,1,61.685138407015735,A,B,5,1,1,A,1,0,92.58976618374297,Нет,0
A,A,2,1,1,A,0,1,18.436507180038287,A,A,4,0,1,B,1,1,49.81601085038997,Да,1
C,C,2,0,1,A,1,0,60.28554240314882,A,B,2,0,0,D,1,1,58.23940576436368,Нет,0
B,C,5,0,1,B,0,1,10.518578552181769,C,D,4,1,0,B,0,1,27.59222170436861,Нет,0
B,A,4,1,0,C,0,1,6.353496361697952,C,D,5,0,1,B,1,0,67.28394003431131,Нет,0
B,D,3,1,1,D,1,0,77.28371333039792,D,B,4,0,1,C,0,1,95.92763482824476,Нет,0
A,C,5,1,1,D,1,1,34.249525861044575,A,B,3,1,0,D,1,0,7.667415834345636,Да,0
B,B,5,1,1,D,0,1,33.18729747168481,D,B,5,0,1,B,0,1,81.5387692159396,Да,1
C,B,2,1,0,D,0,0,10.52090025767678,D,C,2,0,1,D,1,0,48.39649062632374,Нет,0
A,B,3,1,1,D,1,0,86.74643493613007,D,C,4,0,0,C,0,0,20.083615043552623,Нет,0
B,A,1,0,1,A,0,1,15.350170655480955,B,D,4,0,1,A,0,1,42.030999449823724,Да,1
A,C,1,1,1,A,0,1,61.60808095771478,D,C,3,1,0,A,1,0,38.31872844446532,Нет,0
A,D,4,1,1,A,1,1,75.4070469250581,D,B,3,0,0,C,1,1,9.102750391195167,Нет,0
C,D,2,0,1,A,0,1,43.80149639944519,B,D,3,0,1,C,0,0,11.97628040430122,Да,1
D,B,5,0,1,B,1,0,74.03277255304081,B,A,4,1,0,D,1,0,34.19421261649678,Нет,0
A,A,4,1,1,A,1,1,40.08032591393932,D,A,4,0,0,C,0,1,0.7464825724622703,Нет,0
A,B,3,0,0,D,0,0,38.156598328985005,B,D,4,1,0,D,1,1,58.27288189007208,Нет,0
D,A,3,0,0,B,1,1,58.93584829843565,C,D,3,1,1,B,1,1,59.00083416042264,Да,0
C,D,2,0,0,A,0,0,58.10819168865601,D,B,4,0,0,C,1,1,55.41256239164255,Нет,0
B,C,3,0,0,C,0,1,99.34345130365958,C,C,3,1,0,B,0,0,4.342744617606787,Да,0
D,C,1,0,1,C,1,1,4.7670802060300055,D,A,5,0,0,B,1,1,38.11867153267596,Да,1
A,B,2,1,1,A,1,1,55.45824580371561,D,D,4,1,1,A,0,1,84.27595283798516,Да,1
A,C,1,1,1,A,0,0,95.70854224019064,A,D,1,1,0,B,1,1,4.9687576248023335,Нет,0
A,D,4,0,1,C,1,0,25.66808861948577,D,C,3,0,1,B,1,0,16.72439218218733,Да,1
D,C,1,0,0,A,1,1,76.61863919964038,C,C,5,0,0,A,1,1,60.74255118282578,Да,1
C,C,4,0,0,C,0,0,35.046692408781965,C,C,5,0,1,D,0,0,25.462955262859687,Да,1
C,A,2,0,1,D,1,0,14.134712227427448,A,D,2,0,0,D,0,1,89.28086210292531,Нет,0
C,A,3,0,1,B,1,0,16.32164044906257,B,B,1,0,0,D,1,1,87.92557958414567,Нет,0
B,D,3,1,1,C,0,1,25.901219421255583,D,A,2,0,0,C,1,1,58.93694233356701,Нет,0
C,D,2,0,0,D,0,1,46.77619130538358,B,C,5,1,1,A,1,0,52.80857698042146,Нет,0
C,C,5,0,1,C,1,0,92.2623204513416,A,A,3,1,0,A,1,1,45.00475204660325,Нет,0
C,C,1,0,0,D,0,1,56.70874142796136,C,D,2,1,1,C,1,1,13.047748488999622,Нет,0
A,C,4,0,0,B,1,1,34.290048852438126,B,B,3,1,1,A,1,0,75.432220563321,Нет,0
A,A,5,0,1,A,1,0,29.68318399125911,B,C,3,0,0,D,1,0,5.011699714013751,Нет,0
A,A,3,0,1,D,1,1,68.76467848632663,C,D,2,1,0,C,0,0,41.02137643886765,Нет,0
B,B,3,0,0,B,1,0,36.98063238301936,C,A,4,1,1,A,0,0,56.48120243513991,Нет,0
B,B,1,1,1,C,1,1,77.2663474896958,A,C,1,0,0,D,0,1,96.31078068796548,Нет,0
D,C,4,0,1,A,0,1,90.5748412795522,A,B,1,0,0,A,0,1,80.6043127889765,Да,1
C,D,5,1,1,D,1,1,94.88805826231636,D,A,3,0,0,C,0,0,18.95765545435667,Нет,0
A,A,2,1,1,D,0,0,49.650364755889534,D,D,2,0,0,C,0,0,85.12359810522211,Нет,0
C,C,1,0,0,D,0,1,88.49867171014199,B,A,4,0,1,D,1,0,47.08846986541084,Нет,0
B,A,3,0,1,A,1,1,5.194940835084605,B,A,2,1,1,A,1,1,13.810517703496828,Да,1
A,B,3,0,0,D,0,1,76.06388859745468,C,C,3,1,1,D,0,1,37.41093740053893,Да,1
A,B,4,0,0,B,0,1,79.29663745758982,C,B,1,0,1,C,0,1,65.87606405087418,Да,1
B,D,5,1,0,D,0,0,21.047530316773823,D,D,4,0,1,C,1,0,56.051051693202105,Нет,0
D,B,4,0,1,B,0,0,73.24772104353848,A,A,1,0,0,D,1,0,71.27748232537061,Нет,0
A,B,3,0,1,D,1,1,43.72108886256469,D,B,5,0,1,D,0,0,71.88070611267872,Да,1
D,D,2,0,1,C,0,1,82.69302372673434,D,A,4,0,0,D,1,0,94.11915278914172,Нет,0
C,D,5,0,1,A,1,0,3.803121350789296,C,B,3,0,1,C,1,0,43.49374723147015,Да,1
C,C,1,1,1,C,1,1,67.30342005342423,D,D,2,1,1,D,0,1,69.96792346910559,Нет,0
A,B,1,0,1,A,1,0,54.70250367504236,C,C,4,1,0,B,1,0,44.83657064147898,Нет,0
B,A,4,1,0,B,0,0,21.58208290939424,A,D,4,0,1,A,0,1,92.75734648057744,Нет,0
B,B,1,0,1,A,0,1,2.676671546016696,C,A,5,0,1,B,1,1,88.76670282406441,Нет,0
D,A,3,1,0,A,1,1,52.30568185140045,D,D,1,1,0,C,0,0,8.007526402248422,Нет,0
B,C,4,1,1,A,1,1,12.75325338418164,C,C,5,1,0,C,1,1,81.0177320909083,Да,1
A,A,1,1,1,B,1,1,95.72776656492312,B,A,2,1,0,D,0,0,68.59702120309741,Нет,0
C,C,4,1,0,D,0,0,6.501412416573126,D,A,5,1,1,A,0,0,30.234393343404815,Нет,0
C,C,3,1,1,B,0,0,49.09274370185953,A,B,3,1,1,C,1,1,90.95327429210828,Нет,0
B,A,4,0,0,B,1,0,68.1731060887939,C,D,5,0,1,C,1,0,94.71401658485654,Нет,0
B,A,3,1,1,A,0,0,38.91261564678593,B,C,5,0,0,D,0,1,83.64329547177655,Нет,0
A,C,3,0,1,B,1,1,14.3545097928655,C,D,2,1,1,C,0,1,8.41020176838667,Нет,0
C,C,5,1,1,C,1,0,52.23730145998615,C,B,2,0,1,D,1,0,83.640522345473,Да,1
A,B,4,1,1,C,1,0,11.328340382794488,A,A,1,1,0,D,1,1,27.20023714232204,Нет,0
D,B,3,1,0,C,0,1,42.86659747271357,B,D,5,0,0,D,0,0,98.02564432386224,Нет,0
B,D,2,1,0,C,1,1,63.3069839680889,A,B,1,1,1,D,1,1,21.51628669818868,Нет,0
B,B,4,0,0,C,1,1,45.038935999560245,A,B,5,1,1,C,0,0,82.77306481310328,Нет,0
C,D,5,1,1,C,0,0,45.54252495237036,B,C,5,1,1,B,1,1,56.84588429012189,Нет,0
A,B,2,1,0,A,0,0,68.41200828332262,C,B,2,1,0,A,1,1,99.16825678414185,Да,1
B,C,5,1,0,B,1,1,92.77124024017196,A,A,2,1,1,B,0,1,82.32406762701584,Нет,0
D,B,1,1,1,B,0,0,77.67108483339223,C,B,4,0,1,A,1,1,7.462763221853574,Нет,0
A,D,3,1,1,B,1,0,5.564794337509927,B,A,4,0,0,D,0,0,23.694890089773917,Нет,0
C,B,4,0,0,D,1,0,68.79908246912505,D,A,1,0,1,B,0,0,12.402206274214478,Нет,0
A,B,5,0,1,C,1,1,26.006906389254315,D,D,4,1,0,B,1,1,51.66202554064368,Нет,0
C,A,5,0,1,C,0,1,99.1071979495306,A,A,4,0,1,C,1,0,5.013327824198976,Да,1
A,D,4,1,1,B,0,1,8.000597313077817,D,D,2,1,0,D,0,0,73.43880886943269,Нет,0
C,D,4,0,1,C,1,1,29.6701951669743,D,B,1,0,1,C,1,0,51.99558599486763,Да,1
D,B,4,1,0,C,0,1,86.73629102387055,B,D,3,0,0,B,0,0,86.78049428144928,Нет,0
B,B,2,1,0,C,0,1,8.521117268483424,A,D,4,1,1,B,0,0,34.80583919152884,Нет,0
B,A,2,0,0,C,1,1,66.13200884014387,C,D,3,1,1,A,0,1,34.239922051487135,Нет,0
A,C,4,0,0,C,1,0,53.26221116525856,C,A,4,1,1,D,1,1,65.59262098705183,Нет,0
A,B,2,0,1,A,0,0,55.004833226468094,D,B,2,0,0,C,0,1,26.997030336736582,Да,1
A,A,3,0,1,B,1,1,10.073614156695031,B,C,2,1,1,C,1,1,20.789692119298294,Нет,0
C,C,2,1,0,C,1,1,7.883439836173666,A,C,2,0,1,A,0,0,32.93804420735723,Нет,0
C,C,2,1,1,B,0,1,56.068244630811016,D,A,5,0,0,A,1,1,83.02680329656467,Нет,0
B,C,2,1,1,A,1,1,80.20315241655035,B,A,4,1,0,C,1,0,53.57878679210276,Нет,0
C,B,3,1,1,B,0,0,83.79305693188137,D,C,3,0,1,D,1,0,38.26314832959747,Нет,0
A,D,2,1,1,B,0,1,91.90831139251488,D,B,1,0,1,A,0,0,7.282592932226151,Нет,0
C,D,2,0,1,D,0,1,44.27160686544589,D,D,2,1,1,B,0,0,77.9191525426807,Да,0
C,C,3,0,1,D,1,1,2.4762441104084654,A,A,3,0,0,C,1,1,28.7140144465722,Да,0
A,A,4,0,0,D,0,1,5.456435986469732,D,B,3,0,1,D,0,1,38.21633230744952,Да,1
B,C,1,0,0,D,1,1,89.44200687042027,D,B,2,0,1,A,1,0,0.967527141875124,Нет,0
C,C,4,0,1,A,1,1,3.8085894391800656,D,A,4,0,0,D,0,1,16.116555393259336,Нет,0
C,B,2,1,1,C,0,0,65.9915298649861,A,B,3,0,0,C,1,0,23.133119129605284,Нет,0
A,C,4,1,1,C,1,1,61.7289700185983,D,B,1,1,1,C,1,1,77.84987726221426,Да,1
C,A,4,1,0,C,1,0,60.221911521530416,B,B,3,1,1,D,0,1,59.43508747510333,Нет,0
C,B,2,0,0,B,1,1,67.88096646134683,D,A,3,0,0,A,1,1,74.71468379340112,Да,1
D,A,3,0,1,B,1,0,32.788363967943624,B,C,1,1,0,C,1,0,69.79145978578164,Нет,0
A,B,1,0,0,C,1,0,83.42217644462146,C,D,4,1,1,C,0,1,72.87630823352178,Нет,0
C,A,5,0,0,D,1,1,0.0122578156824593,B,B,4,0,0,A,1,0,8.72575187983735,Нет,0
A,A,4,0,1,D,1,0,26.938300850685454,C,B,1,0,1,D,0,1,83.97804735913432,Нет,0
D,D,5,0,0,D,1,1,90.66435890907836,C,B,1,1,0,B,0,1,74.03573452509671,Нет,0
A,C,1,1,1,C,0,0,85.1906174866143,D,B,4,0,0,B,0,0,51.720380558628456,Нет,0
B,D,2,0,0,B,1,0,66.48098343977765,A,A,4,0,1,C,0,1,1.2225955975125324,Нет,0
D,A,5,1,1,C,0,0,18.61021951155506,C,C,2,0,0,A,0,0,88.2418260165441,Нет,0
A,B,4,1,0,B,1,0,78.35235345639039,B,D,5,0,1,C,1,1,43.44062124608323,Нет,0
D,D,1,0,0,B,0,1,12.335318781423975,C,B,2,1,0,B,0,1,54.08945671566552,Да,0
A,C,1,0,0,B,0,0,20.364161887966294,B,B,1,0,1,D,0,0,16.656019654757525,Да,1
B,D,3,1,0,D,1,0,7.511965082451333,A,A,2,0,0,C,1,1,73.25871344442577,Нет,0
C,A,1,1,1,C,1,0,22.32810989381108,D,A,2,0,1,D,1,0,15.33553952079708,Да,1
C,B,1,1,1,C,1,1,33.403266926323205,B,C,3,1,0,A,1,0,30.175271813249605,Нет,0
B,A,3,0,0,C,1,0,84.89197983634521,C,D,3,1,0,C,1,1,1.3369350075586706,Да,0
C,C,4,0,1,D,1,0,33.344875099101635,A,A,4,0,1,D,0,0,38.29251181076207,Да,1
A,A,5,1,0,B,1,1,43.22727952017883,A,B,2,0,1,A,1,1,37.96693225729445,Нет,0
B,A,5,0,0,A,1,1,98.56898215746168,C,D,2,0,0,A,0,0,11.148513391444473,Нет,0
A,B,4,1,0,D,0,0,66.85108980018387,B,D,5,1,0,D,0,0,22.996819548648528,Да,1
A,C,2,0,1,A,1,0,85.08446375852525,C,D,1,0,1,C,1,0,96.75517842895444,Да,1
B,B,4,0,1,B,1,0,63.87338618476258,D,D,2,0,0,B,1,0,55.41732375865038,Да,1
C,A,3,1,0,C,0,1,79.04121128296363,B,D,4,1,0,D,1,0,67.07912977962525,Нет,0
C,C,5,0,0,B,1,1,21.058984616876614,A,D,5,0,1,C,1,0,73.67683959139434,Нет,0
C,A,4,0,0,D,0,0,61.20216549696217,A,A,1,1,1,B,0,1,80.02411103821171,Нет,0
A,C,3,1,1,A,1,0,63.146849520844114,A,D,1,1,0,D,0,1,22.330997255151107,Нет,0
B,D,4,1,0,C,1,1,89.55260311303718,C,D,3,0,0,B,1,0,43.06663942344833,Нет,0
D,B,3,0,0,A,0,1,84.37018348158882,B,D,3,1,0,C,1,1,46.90280281648953,Нет,0
D,C,2,1,1,C,1,1,40.83044713617936,A,D,2,0,0,A,0,1,75.6599821147617,Нет,0
D,D,1,1,0,A,0,0,86.23224441255729,D,B,3,0,1,C,0,0,51.2552519852657,Нет,0
B,D,1,0,0,A,1,0,31.43284421206709,B,D,3,1,1,D,0,0,6.573778504880057,Нет,0
C,D,5,1,0,A,1,1,1.7743343708522707,B,D,4,1,0,D,0,1,22.01670973309593,Да,0
A,C,1,1,0,B,1,0,99.20831068011336,B,C,3,1,1,B,1,1,1.5006794069353124,Да,0
A,A,2,0,0,C,0,0,84.32697977243025,C,C,5,0,1,A,0,1,0.974217640813424,Нет,0
B,B,5,1,1,C,0,0,63.21278623323896,B,A,2,1,1,D,0,1,15.66634903711368,Да,1
C,D,1,0,0,D,0,1,21.63464301675876,A,B,3,1,0,D,0,0,48.61337751041211,Нет,0
C,D,2,1,0,D,0,1,16.3760156559296,A,D,3,0,0,D,1,1,42.10281404542494,Да,0
D,B,4,0,0,A,0,1,52.1075345225205,A,B,3,0,1,D,0,1,31.45323985484317,Да,1
A,B,1,0,0,A,0,0,12.308486644310667,C,C,2,0,0,C,1,0,56.02878183289334,Нет,0
B,C,2,1,0,D,1,1,62.12711908088353,D,D,5,1,1,A,1,1,57.03588320914851,Нет,0
D,A,2,0,0,C,0,0,54.86436103644602,D,A,3,0,0,A,0,1,59.201338566305694,Да,1
C,B,3,0,0,D,1,1,21.73970083338121,D,D,3,0,0,D,1,1,14.454411669153256,Да,1
C,A,3,1,0,A,0,0,82.71588928986279,B,A,5,1,1,A,0,0,74.96132410457965,Да,0
B,D,5,0,1,A,1,0,93.08571238357698,D,B,4,0,1,A,0,0,62.30171756314816,Да,1
B,B,5,1,0,C,0,0,19.6743746732004,D,C,4,1,1,B,1,1,59.08539859114013,Нет,0
C,D,1,0,1,D,1,1,20.199313866660678,D,B,2,1,0,A,1,1,81.56401623713465,Нет,0
C,B,3,1,0,A,0,0,9.776321668305588,B,B,3,0,1,D,0,1,16.050743986083493,Нет,0
D,C,5,1,0,B,1,0,70.68651223296123,C,C,2,0,0,A,1,1,51.592358987846055,Нет,0
A,A,1,1,1,A,1,1,72.93234871270839,B,D,1,1,0,C,1,1,48.57763702528698,Да,1
C,B,4,0,0,A,0,0,30.15042623907287,A,B,1,0,0,A,0,0,53.15103810141966,Да,1
C,C,4,0,1,C,0,1,96.26895371629126,D,A,5,1,1,A,1,1,45.576259822303314,Нет,0
D,B,1,1,0,A,0,1,10.638089061701184,D,A,2,1,1,A,0,0,74.89074890184703,Да,1
C,D,1,1,1,B,1,0,78.68574485693529,D,A,2,1,1,C,0,0,41.90723506707326,Нет,0
B,D,1,1,1,A,0,1,48.577458222615775,B,C,4,1,0,C,0,1,71.95120790241961,Да,1
B,D,3,0,1,B,0,1,48.9650955866974,B,B,4,0,0,D,1,1,1.4860676594927402,Нет,0
A,A,1,0,1,A,1,1,73.93725314827968,A,B,3,1,0,D,0,0,8.892690532599012,Нет,0
C,A,4,1,0,A,0,0,53.11883241049969,C,B,3,0,1,D,1,1,98.1249980281823,Нет,0
C,A,3,0,0,C,0,1,71.42531241886425,A,A,2,0,0,A,1,0,92.86550427540344,Нет,0
B,A,5,0,0,C,0,0,42.9481525928986,D,C,3,1,1,C,0,1,56.41736097359459,Нет,0
B,D,1,1,0,C,0,1,86.41422523433424,A,A,3,1,0,A,0,1,1.0475533836841189,Да,1
B,C,3,1,1,C,1,0,4.586378131214963,D,B,1,1,1,A,1,0,12.452368722155738,Да,1
C,A,5,1,0,A,1,0,3.3152711093935583,C,C,5,0,1,D,1,1,77.86732788967203,Нет,0
C,C,4,1,0,D,1,0,8.175450190364074,B,C,4,1,1,D,1,1,20.479887180588328,Да,0
B,A,5,0,1,D,0,1,84.81351048093728,C,B,5,0,0,D,0,1,8.21398401837804,Да,1
B,C,2,0,0,A,1,1,32.68263566626884,C,B,2,1,1,C,1,1,32.35364466099877,Нет,0
A,B,1,1,0,B,1,0,57.051856121637776,B,A,1,0,0,D,1,1,18.585761008932423,Нет,0
D,A,1,0,0,A,1,1,87.44658600736605,B,D,5,1,0,D,1,1,22.550451291677355,Нет,0
C,A,1,1,0,C,1,0,54.0965972870594,D,A,3,0,0,D,0,1,98.94016644126329,Нет,0
D,D,1,1,1,D,0,1,76.83664042369955,C,A,5,0,0,D,1,1,32.45476198686246,Нет,0
C,C,1,1,1,A,0,0,17.31464613483866,C,C,1,0,1,B,0,0,31.372381921318304,Да,1
B,C,4,1,1,A,0,0,26.193693588611243,B,C,3,0,0,C,1,1,70.484911050486,Нет,0
D,A,1,0,0,D,0,0,95.4036074864778,A,A,2,0,1,C,0,0,2.3564406763868395,Да,1
C,B,2,0,0,D,0,0,73.63558882847617,A,B,1,0,1,A,0,1,77.6643633374514,Нет,0
B,B,1,0,1,B,0,0,68.99090727530188,D,D,5,1,1,C,0,1,89.82383065518646,Нет,0
B,A,4,1,1,D,1,1,50.60947227169341,B,C,1,0,1,B,1,0,3.270565734429143,Нет,0
A,C,4,0,1,C,0,1,47.97684818637382,C,A,2,0,1,C,0,0,93.4679336125866,Да,1
A,D,1,1,1,C,1,1,56.04618363799151,B,A,5,1,0,B,1,0,56.65822281206074,Нет,0
D,D,3,1,0,D,1,1,13.294183454654062,C,C,4,0,1,C,0,1,84.12315101458987,Нет,0
A,B,3,0,1,B,0,0,71.99653028671122,C,B,4,1,1,D,0,0,96.2909935417476,Да,1
C,B,4,0,0,D,0,1,52.85400949815035,D,D,5,1,1,B,0,0,10.85279504473714,Нет,0
C,C,4,0,0,D,0,0,69.01626160082247,C,D,5,0,1,D,1,1,50.89828063904446,Нет,0
A,C,5,0,1,C,0,0,43.96073050988325,A,B,3,0,1,A,1,0,45.24506408635561,Да,1
C,C,1,1,1,C,1,0,6.305089633041705,D,D,3,1,1,D,1,1,95.95688522327308,Нет,0
D,C,3,0,0,B,1,1,97.29618209699544,C,A,4,1,0,B,1,0,66.20888969444823,Нет,0
B,C,3,1,0,A,1,0,35.61370038554813,D,A,3,1,0,A,0,0,99.61054964505443,Да,1
C,C,5,1,0,C,1,1,46.68676680234397,D,A,2,1,0,A,1,0,8.667953600333455,Нет,0
C,C,4,1,1,D,1,0,20.89123903922381,B,B,1,1,0,A,0,0,65.60058666292832,Нет,0
B,B,1,0,1,A,0,1,51.31807697821037,B,C,3,1,1,B,1,1,73.09310420773146,Нет,0
D,C,4,1,1,C,1,1,66.12048872839367,A,B,4,0,1,A,1,0,62.755021364897765,Нет,0
A,C,5,1,0,C,0,0,86.32833786462774,B,C,3,0,0,B,1,1,65.65558354837131,Нет,0
C,B,2,1,1,A,1,1,71.10052601545162,A,C,3,0,1,D,0,0,97.24409764694283,Нет,0
C,B,5,0,1,D,1,1,64.77416865990314,D,C,4,0,1,B,0,0,90.55107525593914,Нет,0
D,C,5,0,0,A,1,1,35.51503300415085,C,C,5,1,0,C,0,0,54.41554144147999,Нет,0
B,A,4,0,1,B,1,0,49.40710967728145,D,C,4,0,0,A,1,1,40.637358394335465,Нет,0
D,A,2,1,1,A,0,1,17.52476014711687,C,D,2,1,1,C,0,0,61.59209822044554,Да,1
B,D,2,0,1,A,1,0,23.79104883849236,B,D,3,0,0,D,0,1,2.6596027865576133,Нет,0
C,C,4,1,0,A,0,1,70.33189668132597,B,C,4,0,0,A,0,0,88.11331457827839,Да,0
C,B,2,0,1,A,1,0,50.19087640935906,A,D,5,0,1,C,1,1,81.75265143743249,Нет,0
C,C,4,0,1,C,0,0,54.5979045404725,C,A,5,1,1,C,1,0,46.72470645012745,Да,0
C,D,5,0,1,A,1,0,28.99662068572799,D,A,4,1,1,C,1,1,43.95905172229594,Нет,0
C,C,1,1,1,D,1,0,80.37211349906907,C,B,4,0,0,D,1,0,52.16469672527836,Да,1
A,B,4,1,1,D,1,0,93.9528007548265,A,D,2,1,0,B,1,0,77.54495418952303,Да,0
D,D,5,1,0,C,0,1,26.07493102505819,A,D,2,1,0,A,1,0,34.827567292224195,Нет,0
A,A,2,1,1,B,0,1,54.36066018548321,B,C,3,1,0,B,0,0,96.32891780950207,Нет,0
B,C,4,1,0,A,0,1,58.40521957064736,D,A,3,0,1,B,1,0,16.3816463778785,Нет,0
D,D,4,0,1,C,0,1,4.7279185995435125,A,A,2,1,1,A,0,0,93.11825158950283,Нет,0
D,D,5,0,1,D,0,1,69.76087964856401,C,C,2,1,1,A,0,0,83.3466298514383,Нет,0
A,B,1,1,0,A,1,1,88.13892972437701,C,A,3,0,0,C,0,1,25.054330776297306,Нет,0
B,B,3,0,0,D,0,1,51.07883301300912,A,B,2,1,1,D,1,0,18.89361326721384,Нет,0
C,B,1,0,0,D,0,0,88.52332456362375,A,D,1,0,1,C,0,0,17.63091372780573,Да,1
A,A,1,1,1,D,1,1,31.241930239061965,B,B,4,1,0,A,0,1,95.41426818141623,Нет,0
D,B,5,0,0,D,1,0,16.557974471924542,B,A,3,1,0,C,1,0,59.9045487259095,Нет,0
A,D,4,0,0,B,0,1,63.09773021043437,B,D,5,0,1,C,1,0,66.34415593925912,Нет,0
A,C,1,1,1,D,0,0,29.426618383230757,D,D,1,0,1,B,1,1,2.0770299526246205,Нет,0
C,A,1,1,0,A,0,1,49.30494652834297,C,D,1,1,1,D,1,0,82.66552487838074,Нет,0
B,D,2,1,0,A,0,0,89.59804008196495,D,C,4,0,0,C,1,1,38.50220480138774,Нет,0
D,A,2,1,0,A,0,0,18.894835667241598,A,D,1,0,0,D,1,0,95.91509943354669,Нет,0
B,A,5,0,0,A,1,0,14.496747079715588,B,B,3,0,0,C,0,1,7.480560609888565,Нет,0
A,D,1,0,0,B,1,0,85.75275760964122,A,A,3,1,1,C,1,1,58.44169129530054,Нет,0
B,A,5,0,0,B,0,1,62.56246071110477,A,D,1,1,0,D,0,1,81.62971484766426,Нет,0
D,C,5,1,1,B,1,1,29.818495431217496,C,A,1,1,1,D,0,1,36.07138488591627,Нет,0
B,B,2,1,0,A,0,0,71.52752383642024,C,B,4,1,0,C,0,0,40.98320605332182,Да,1
D,A,2,1,0,B,1,1,77.43775987757552,A,A,4,1,0,C,0,0,80.64231951527503,Нет,0
A,B,1,0,0,C,1,0,10.358243688546109,B,B,2,0,0,C,1,0,25.15379992732916,Да,1
A,D,2,1,0,A,0,0,43.52600321118872,C,D,3,0,1,B,1,1,31.501860739557607,Нет,0
C,C,3,0,1,B,1,0,85.1693908826,B,B,2,0,1,B,1,1,9.717543199367174,Да,1
A,A,2,1,0,B,1,0,41.42899661397972,B,B,5,1,0,A,0,0,9.2702026627567,Нет,0
D,C,2,0,0,B,1,0,40.56544305062927,B,A,1,1,1,C,1,1,26.19460491149981,Нет,0
A,A,5,0,1,B,0,0,53.15202231891328,D,C,2,0,1,B,1,0,78.72866931644907,Да,0
A,D,2,0,1,D,0,1,17.63486740173673,A,C,5,1,1,D,0,1,77.80290138337195,Да,1
B,C,4,0,0,B,0,0,36.56484558058972,D,B,1,0,0,A,1,1,55.25999906290533,Нет,0
B,D,2,1,1,A,0,0,24.064166181578585,D,C,4,0,0,C,0,1,0.6140891280027372,Нет,0
B,D,3,1,1,A,0,1,84.15759807036363,C,D,2,1,0,D,1,1,17.06764778034873,Нет,0
D,B,3,1,0,C,0,0,69.1836992089059,C,C,1,0,1,B,1,1,13.363851274575543,Нет,0
D,A,1,0,1,C,0,1,87.69947841008428,A,C,4,0,1,B,1,0,4.111295957257067,Нет,0
A,B,3,1,0,A,1,0,90.67640208043944,A,C,5,1,1,D,1,1,54.81929415146236,Нет,0
A,D,4,1,0,A,1,0,17.37811024997343,C,B,4,0,0,A,1,0,44.09600653246929,Да,1
D,C,3,0,1,D,1,0,41.495585633741584,C,D,2,1,0,A,1,1,68.27105725792131,Нет,0
C,A,4,1,1,B,0,0,65.1316766803393,A,A,5,1,1,B,1,0,58.61098306441909,Да,0
C,B,1,1,1,A,1,1,69.4485202237598,D,A,4,1,1,B,1,0,65.13140707373458,Нет,0
D,B,1,1,0,D,0,0,48.47838695168297,B,D,5,1,0,D,0,0,65.28737444746758,Да,1
D,D,2,0,1,C,0,1,27.984224297285,B,B,2,0,0,C,1,0,42.66735114554577,Нет,0
C,B,3,1,0,D,1,0,52.99608287736134,C,A,3,0,1,B,1,1,79.02368589799079,Нет,0
D,B,2,0,0,D,1,0,18.423755064665748,B,B,2,1,0,B,0,1,60.25308998295008,Нет,0
D,D,5,0,0,C,1,0,47.58201754855826,A,A,2,0,0,C,0,1,59.08895148518656,Нет,0
A,A,3,1,0,B,0,1,91.635493270591,A,D,2,1,0,C,0,1,24.91320153381388,Да,1
C,B,2,0,1,B,1,0,30.51339363415333,D,A,2,0,1,B,0,0,59.61561744633394,Да,1
B,C,1,1,0,B,0,0,85.00919153805611,C,D,3,0,1,C,1,1,80.35524276800467,Нет,0
A,D,5,1,0,B,1,0,63.73512065955119,B,A,4,1,0,D,0,1,3.679166176825244,Нет,0
C,D,1,0,0,A,1,1,88.52588912287887,D,B,3,1,0,C,1,0,31.21302659581477,Нет,0
A,C,5,1,1,A,1,1,80.25692436412058,D,A,2,0,0,D,0,0,29.049076002638703,Нет,0
D,C,1,1,0,C,1,0,9.2574673214029,B,D,1,0,1,A,1,1,52.54520967277395,Нет,0
D,C,3,1,1,A,0,1,52.40461029467304,B,C,3,1,0,D,0,1,37.9545768785869,Да,1
D,C,3,0,0,C,1,0,22.17524206857979,D,B,1,0,0,B,1,0,46.43741682759924,Да,1
D,A,3,1,0,C,0,1,55.90387905003531,A,A,1,1,0,B,1,0,20.954341994308766,Нет,0
B,B,4,0,0,A,1,0,87.75395886178691,A,B,4,0,1,A,1,0,34.53216490262931,Да,1
A,D,5,0,0,B,1,0,14.382670404807618,A,A,3,0,1,D,1,1,39.06844714869915,Нет,0
A,B,2,1,1,C,1,0,58.47661876135675,A,A,1,1,0,C,0,0,70.23910791274335,Да,1
C,D,2,1,0,C,0,1,86.22679118218448,C,D,1,0,1,D,1,0,92.27347197872312,Нет,0
C,A,4,1,0,A,0,1,69.4750342013454,D,B,4,1,0,A,1,1,97.22229018292823,Да,1
C,B,1,0,0,B,0,1,48.90350436365403,D,B,5,0,1,C,0,1,78.7501560875945,Да,0
C,A,4,0,0,C,0,1,0.8057481336918304,D,D,3,1,1,A,1,1,10.507329576362478,Нет,0
C,B,1,1,0,C,0,1,56.23923950731539,D,A,5,0,1,B,1,0,0.1162063128178458,Нет,0
B,B,4,0,0,A,1,1,67.3021705619433,C,D,2,0,0,A,1,1,0.9456733799223738,Да,1
D,B,5,0,1,A,0,0,14.26401460976262,D,B,5,1,0,D,1,1,73.63993833657896,Нет,0
A,B,4,0,1,C,1,1,74.25705326105633,D,C,5,0,0,D,1,0,93.51759614824974,Нет,0
D,B,2,1,0,A,1,1,6.780996096631709,C,B,4,0,0,A,1,1,89.26381563088836,Да,1
C,A,2,1,1,C,1,1,84.54979452138393,D,D,4,1,0,C,0,1,80.42475707770033,Нет,0
A,A,1,1,1,B,1,1,26.820158288280616,D,D,1,0,0,B,0,0,3.120981375070675,Нет,0
D,B,2,0,0,D,1,0,11.59354231221441,B,B,2,0,1,B,0,0,79.54824493950548,Да,0
A,C,1,0,1,A,1,0,97.22422283861764,D,A,4,0,1,A,0,1,87.91475669965583,Нет,0
A,C,2,0,0,B,0,1,18.83788091834996,B,D,3,0,1,A,0,1,44.171812766897865,Нет,0
C,A,4,0,0,C,1,1,53.92954484731267,C,B,3,1,0,D,0,0,21.617544483674955,Нет,0
D,A,5,1,0,A,1,0,26.35301143969364,C,B,2,1,0,A,0,0,62.0475834566907,Да,1
B,D,2,1,0,D,0,1,67.08496510644468,B,A,1,0,1,A,1,1,49.41324956543417,Нет,0
B,C,1,1,0,D,0,1,88.71834134430715,A,C,5,1,1,A,1,1,14.730825206245049,Нет,0
A,C,4,1,1,A,1,1,32.332919736047806,A,D,1,1,0,B,1,1,20.55442341405848,Да,1
C,C,4,0,1,B,1,1,19.43312230868076,C,C,4,1,1,A,1,0,3.0586068052399606,Да,1
D,B,2,1,0,D,0,0,66.26340663782507,C,A,2,1,0,B,1,0,96.1557212403128,Да,1
C,B,1,0,0,D,1,1,10.100497493179796,A,A,1,1,1,C,0,1,87.88108174752668,Нет,0
C,D,1,1,1,D,0,0,29.865994105063887,A,A,3,1,1,D,1,1,77.10182639958671,Нет,0
D,B,4,0,0,A,1,0,74.74989887963397,A,B,5,1,0,A,0,0,49.81311409607697,Да,0
B,D,1,0,0,C,1,1,57.145581869630746,A,D,4,1,1,B,0,0,11.894389014235774,Нет,0
A,D,4,1,1,D,1,1,79.47614109138834,D,A,1,0,1,C,1,0,50.43933466858024,Нет,0
A,B,4,1,0,D,1,1,30.41387469786797,D,B,5,1,0,D,0,0,19.512908914437112,Да,0
C,C,1,1,0,B,1,0,10.153579202054033,B,C,2,0,1,B,1,1,39.24052377744839,Нет,0
A,C,1,0,1,A,1,1,96.45377335743127,A,A,4,1,0,C,1,1,51.29693107591473,Нет,0
C,D,2,0,1,A,1,0,61.57019648665241,C,B,4,1,1,D,0,0,10.888471190535132,Нет,0
B,D,3,1,1,C,1,1,0.0961274387297983,D,C,2,1,0,C,0,0,94.761666343669,Нет,0
C,A,2,1,1,A,1,1,18.828312330631004,C,D,3,1,1,D,1,1,36.438210159076455,Да,1
D,C,2,0,0,B,1,1,88.54991437848598,D,D,4,1,1,A,1,0,27.96680514494263,Нет,0
D,D,4,0,0,B,0,0,42.939815210428655,D,B,2,0,1,A,0,1,60.66672357094559,Нет,0
B,A,3,0,1,D,1,1,74.23661267374074,D,B,3,1,1,A,1,1,22.827722812926453,Да,0
C,B,5,0,0,D,1,1,37.8367323606309,C,A,2,0,0,A,1,1,60.10693911734598,Да,0
A,C,2,0,0,A,1,0,32.488916614782326,B,C,3,0,0,C,0,0,97.12210942584846,Да,1
D,D,5,1,0,C,0,1,37.52227334720872,A,C,1,0,1,D,1,1,23.12380247038232,Нет,0
D,D,3,0,0,C,1,1,15.630120980012718,B,B,5,0,0,A,0,1,34.5239856814728,Нет,0
B,D,3,1,1,B,0,1,42.73105960036987,D,B,5,1,0,B,1,1,14.937232298407269,Нет,0
A,A,3,0,1,B,0,1,86.06788186708243,A,B,3,1,1,C,1,1,56.60568259268908,Да,1
C,A,5,0,0,B,1,0,53.38341472330907,D,B,5,0,1,D,0,1,64.12815441784852,Нет,0
D,A,1,1,1,C,1,1,0.5390170124095706,C,B,3,1,0,B,1,1,0.1572305841452848,Нет,0
D,A,3,0,0,D,0,1,36.43208972610774,A,B,3,1,0,B,1,0,23.465256320154197,Нет,0
C,D,4,0,1,D,1,1,32.37404048044225,A,C,1,1,0,A,0,0,14.193825179698504,Нет,0
B,D,2,1,1,A,1,1,74.87648000683684,A,B,2,1,0,B,0,0,59.5531326093672,Нет,0
C,C,3,0,1,A,1,0,31.647734662332415,A,C,5,1,0,C,1,0,45.61230511864539,Нет,0
A,C,5,0,0,C,1,1,42.0473786704098,A,D,2,1,0,A,1,0,61.58911745462042,Нет,0
B,A,4,0,1,C,1,1,74.38277362310478,C,A,2,1,0,A,1,1,4.311070470920586,Нет,0
D,B,5,0,0,C,0,1,46.72057810985103,B,B,2,0,1,D,0,1,87.28618339902867,Да,1
C,C,3,1,1,B,1,1,70.07358676857235,D,C,5,1,0,B,0,0,95.78636896325384,Нет,0
D,B,2,1,1,C,0,1,23.221392885698567,C,C,2,0,1,D,0,1,62.6317567279488,Да,1
A,D,4,0,0,A,1,0,83.47952257467341,C,C,1,1,1,D,1,0,24.059233475954105,Нет,0
D,D,2,1,1,C,1,1,51.81308265904397,D,C,2,0,0,B,1,1,14.302923003066024,Да,0
A,D,3,0,0,B,1,1,75.80485725726874,D,C,5,1,0,A,0,1,4.854631860913472,Нет,0
C,C,3,1,0,A,0,1,39.09284432083964,C,D,4,0,0,C,1,0,4.160209501468703,Нет,0
C,A,2,1,1,B,0,1,86.96722257518122,D,A,2,1,0,B,1,1,97.92547084350424,Да,1
C,C,1,1,1,D,1,1,97.91440380992285,C,D,4,0,1,D,0,0,61.3531278974488,Нет,0
B,C,5,1,0,C,0,0,23.20027255207634,C,B,5,1,1,D,0,1,35.92170164887332,Нет,0
A,C,2,0,1,C,0,0,19.860229219117542,B,B,4,1,0,C,0,0,28.03203558707229,Нет,0
A,D,4,0,1,B,0,1,57.46924862866927,A,C,5,0,0,B,0,0,61.57298662498793,Да,0
D,D,1,1,0,B,0,1,77.04141254488518,B,D,2,0,1,B,1,1,60.77115780207174,Нет,0
C,A,4,1,1,D,1,0,98.7375648161663,D,B,5,1,0,D,0,0,80.21798373458498,Нет,0
A,A,5,1,1,A,0,1,26.27301302695009,A,B,3,1,1,B,1,0,39.12497809879854,Нет,1
B,B,1,0,1,D,0,0,9.53288523079484,B,B,4,0,1,C,0,1,88.80011400784574,Да,1
B,D,5,0,1,D,0,0,83.79153418964044,B,A,5,1,1,D,0,1,23.05428213442515,Да,1
A,C,5,0,0,A,0,1,72.59095257402332,D,D,4,1,1,C,1,0,84.04500919192466,Нет,0
A,B,3,1,0,A,1,0,30.1247433964338,B,A,4,1,0,C,1,0,90.23955113775516,Да,1
B,C,2,0,1,A,0,1,31.93192985254237,D,B,1,0,1,B,1,0,18.08618697995356,Нет,0
C,B,2,0,0,D,1,0,15.09376789406025,D,D,4,1,1,C,1,1,93.3387564813821,Нет,0
D,D,3,0,1,B,1,1,85.59219747157996,B,C,2,0,0,D,1,1,98.71764443129793,Нет,0
B,B,2,0,1,D,0,0,9.469198575362292,B,A,3,1,1,D,1,0,64.83051318068463,Да,1
C,D,2,1,0,A,0,1,89.48400978501805,D,B,2,1,1,C,0,1,74.92569861587887,Да,0
D,A,4,0,1,B,0,0,36.05864403956765,A,A,3,1,0,A,1,0,57.00390145537051,Нет,0
A,A,5,1,0,C,1,1,68.14408828594094,D,C,1,0,0,D,0,0,58.35496366141566,Нет,0
B,B,3,0,0,D,0,1,30.525280867615344,C,C,3,0,0,D,1,0,68.04281630418197,Да,0
B,B,4,1,1,C,1,1,14.41593806125512,A,A,2,1,0,B,0,0,4.175273152379566,Нет,0
D,C,5,1,1,B,1,1,44.24598455662328,C,D,1,0,0,D,0,1,92.2046578551738,Нет,0
C,B,3,0,0,A,1,1,34.625037484019416,D,A,1,1,0,A,1,0,64.98635921904214,Нет,0
C,C,4,1,0,A,0,1,52.50061960602358,A,D,5,0,0,D,0,1,58.57709339540056,Нет,0
A,D,2,1,0,C,0,1,76.79749868556195,B,B,5,0,1,B,1,0,69.52315323914672,Нет,0
B,D,4,1,1,A,1,0,82.63747822930108,C,B,4,1,1,B,0,0,58.4144791346968,Да,1
C,C,2,0,0,D,1,1,46.24580716997367,B,C,1,0,1,C,1,0,41.03991877998765,Нет,0
B,B,2,1,1,A,1,0,99.52394510999058,D,C,3,0,1,C,0,1,4.721241177396895,Нет,0
B,D,5,1,0,B,1,0,6.885554026594843,A,A,5,0,0,B,0,1,43.79485418155177,Нет,0
B,C,4,0,1,B,0,0,9.590369418374124,B,A,4,1,1,C,1,1,84.06719447603365,Нет,0
D,D,1,0,1,C,1,1,11.378492541083428,B,A,2,1,1,A,0,1,32.61774629484847,Нет,0
A,A,5,0,0,D,1,0,5.246789168240362,C,A,4,1,0,D,1,1,21.79466229554209,Да,1
B,D,3,0,1,A,0,1,60.248553147969474,C,B,2,1,0,A,0,1,21.833404790994404,Нет,0
C,A,2,0,1,A,0,1,91.56860440409451,C,C,5,1,0,B,1,1,61.366539096310056,Нет,0
B,D,4,0,1,C,1,1,78.88787578210295,C,B,5,0,1,C,0,0,25.798412364098567,Нет,0
B,C,2,0,1,D,1,0,58.60288668277241,D,B,3,1,0,A,0,1,3.5339539227713046,Нет,0
A,D,3,1,1,B,0,0,53.24998242346707,B,C,4,0,0,C,0,0,31.99016536607411,Нет,0
B,A,5,1,0,A,1,0,90.7325058361062,B,B,1,1,0,D,0,0,27.84848867212456,Да,1
D,B,2,1,1,C,1,1,84.1454029539115,A,C,2,0,1,B,0,1,33.86411376258902,Нет,0
A,A,2,1,0,B,0,1,83.65664335126321,C,B,4,0,0,D,0,1,58.56275226227502,Нет,0
A,C,1,0,1,A,0,1,37.95895551381122,B,B,3,0,0,D,1,1,24.1534979404192,Нет,0
D,D,3,1,0,C,1,1,74.94688551255739,D,A,4,0,1,B,0,0,38.47436199571285,Нет,0
A,B,2,0,0,B,0,1,30.57599406851739,A,A,4,1,0,B,0,1,20.79658699030076,Да,0
C,C,3,1,0,B,0,0,12.215553924824052,B,B,4,0,1,B,0,1,53.48539302760836,Нет,0
B,A,2,1,1,A,1,1,29.53730504117889,A,B,1,0,0,D,1,0,31.31665602153475,Нет,0
A,B,5,0,0,B,0,0,3.737678910574227,C,A,4,0,1,D,0,1,78.2102055550662,Нет,0
B,D,4,1,1,B,1,1,34.01733263721838,D,B,1,0,0,A,1,0,98.28370189367268,Нет,0
A,D,3,0,0,D,1,0,48.14431673358119,D,B,3,0,1,C,1,1,89.99881127584777,Нет,0
D,A,3,0,0,A,0,0,7.414527465332322,C,B,2,1,0,A,1,1,68.15979460159699,Нет,0
B,A,5,0,1,C,0,0,2.8610595381969084,C,A,1,1,0,A,0,0,84.94510482904431,Нет,0
A,C,1,1,0,C,1,0,11.444477902917406,A,A,4,0,1,D,0,0,53.77436233670648,Нет,0
A,D,1,0,1,B,0,1,8.875938723583943,C,D,2,0,0,C,1,1,18.132006613981723,Нет,0
D,D,2,1,1,D,0,1,67.34691176815186,A,D,2,1,1,D,1,0,95.2749760848865,Да,0
C,C,1,1,0,A,0,0,15.366044882541551,B,D,2,1,1,C,0,1,22.17511096550592,Нет,0
C,D,1,0,0,B,1,0,19.9413406255758,C,A,4,1,0,D,1,1,61.75200111617028,Нет,0
B,A,3,0,0,A,1,1,59.49265010179651,D,A,5,1,1,C,0,0,27.603607481037983,Нет,0
C,D,5,0,1,B,0,1,34.213195574441215,B,C,3,0,1,A,1,1,97.39828640476964,Нет,0
A,C,4,1,1,B,1,1,31.774673758402027,A,A,5,1,1,D,1,1,84.34437546746993,Да,1
B,C,1,1,1,D,1,0,98.03886371078583,B,C,3,1,1,C,0,0,62.71130547470973,Да,0
B,C,4,0,1,C,0,1,69.78937463962694,D,A,2,0,1,C,0,0,17.17639808253186,Да,1
D,C,4,1,1,B,1,0,91.72740029981892,D,D,5,0,1,B,0,0,91.9939107400798,Да,0
B,D,4,0,0,C,1,1,86.05643361682436,C,C,1,0,1,A,1,1,69.22699251226018,Нет,0
A,A,1,1,0,C,1,0,47.01534316634146,B,C,3,0,0,A,0,0,12.970978855185631,Нет,0
A,C,4,0,1,A,0,1,43.8255165999257,C,C,3,1,0,B,1,0,31.42587356123997,Нет,0
D,C,2,1,0,A,1,1,49.388909284967895,C,B,1,0,1,C,0,1,77.39280176149549,Нет,0
A,C,5,1,1,B,0,0,1.114539634541245,B,B,1,1,0,D,0,0,34.91809410726241,Нет,0
A,A,2,0,1,B,1,1,60.62746146532696,A,C,2,1,0,A,1,0,55.77508568559687,Нет,0
D,A,3,0,0,D,1,0,69.05858502256007,D,D,3,1,1,B,0,0,74.56760991148094,Нет,0
A,D,1,0,1,C,0,0,53.44929828971172,D,B,4,1,0,B,1,0,6.255336203107397,Нет,0
D,B,4,0,1,D,0,1,26.550771812007312,C,C,2,0,1,D,0,0,56.65256518666628,Да,1
B,C,3,0,0,B,1,1,31.091657752327084,A,B,3,0,1,D,0,1,30.123312442340637,Нет,0
D,C,1,0,0,B,0,1,3.896884765254982,D,C,4,0,1,B,1,1,94.3631278771288,Да,0
B,C,5,1,0,D,0,0,94.09181558182658,C,B,3,0,1,A,1,1,4.132288276909391,Нет,0
B,A,5,0,0,A,0,1,89.6017973195652,B,A,3,0,0,B,1,1,28.417988157252395,Да,1
B,C,4,0,0,C,0,1,33.0580084349961,A,D,4,0,1,B,1,1,72.97077168910552,Нет,0
A,B,4,0,0,D,1,0,38.49559481407573,A,D,3,1,0,C,0,0,29.6286328826435,Нет,0
B,C,4,1,1,B,0,1,72.09898292422737,C,C,4,0,0,D,0,1,72.6548029656919,Да,0
B,A,1,0,0,A,0,0,12.412937464953844,B,A,4,1,1,B,1,0,4.77848275095748,Нет,0
D,D,4,1,0,A,1,0,56.828172735058025,B,C,4,1,1,A,1,0,25.20873655728212,Да,1
A,A,1,1,0,A,1,0,70.4938732971456,C,D,5,1,0,D,1,0,94.6162509317406,Да,1
A,D,5,1,0,A,0,1,2.540700449056643,D,A,4,1,1,A,0,0,65.90113769442226,Нет,0
A,D,3,0,1,A,0,0,15.411218010194592,B,D,1,0,1,B,1,1,60.11208691413015,Нет,0
B,D,5,1,1,B,0,0,40.13315170697547,C,D,1,0,0,A,0,1,48.37081126791244,Нет,0
D,D,3,1,0,A,0,0,64.87977153237783,A,B,4,1,0,C,0,1,52.09996661404412,Нет,0
A,B,5,0,0,D,1,1,32.62741386510067,B,B,5,0,0,B,1,0,18.329061236582177,Да,1
D,C,3,1,1,D,1,0,37.538042327274056,C,D,3,0,1,C,0,0,27.389183366272107,Нет,1
C,D,3,0,0,D,1,1,41.06496558909083,B,D,4,1,0,A,0,0,2.662100158186431,Нет,0
D,D,2,0,0,A,0,0,44.88864796334322,C,A,1,0,0,B,1,0,53.07176294784747,Нет,0
B,B,1,0,1,C,1,0,58.00144578334579,D,B,1,0,0,B,1,0,43.858442827408304,Да,1
B,B,1,1,0,B,1,0,54.71244439811864,A,A,3,1,1,B,0,0,0.9299058944026272,Нет,0
A,B,5,0,0,A,1,0,92.53195952967668,A,B,2,0,0,C,1,0,19.711190238054066,Да,1
A,D,4,1,0,D,1,0,15.915865905277393,D,D,3,1,0,C,0,1,25.976864897222097,Нет,0
C,B,4,0,0,C,1,1,41.75848044881846,B,B,5,0,1,C,0,0,35.052282851637514,Нет,0
B,C,2,0,0,C,0,0,78.66709163227614,C,B,1,1,0,C,0,0,3.053680368719125,Да,1
B,C,5,1,1,D,1,1,44.38389645037173,C,A,3,1,0,B,0,0,91.1457522392134,Нет,0
A,A,3,0,1,D,0,0,62.06060426385789,D,C,1,1,0,D,1,1,96.46060796466072,Нет,0
B,D,4,0,1,B,1,0,63.67911436333647,B,B,5,0,0,D,1,0,25.846744971791004,Да,1
C,B,5,0,1,A,1,0,71.82756544919022,C,D,2,0,0,B,0,1,72.15912980615842,Нет,0
D,D,3,1,1,B,1,0,1.3085184358982316,B,A,3,0,1,C,0,1,83.1217185660529,Нет,0
C,C,4,0,0,A,1,1,19.76642600409543,C,A,1,1,0,D,1,1,27.956706492006145,Да,0
A,B,2,1,0,C,1,0,18.48872157713788,C,D,5,1,1,A,1,0,28.57089184803806,Нет,0
A,A,3,0,1,C,0,1,6.187071695976554,B,C,2,1,0,B,1,0,6.817757542721137,Нет,0
A,D,1,1,0,A,0,1,47.71134259454451,D,D,5,0,0,C,0,0,32.05120469931784,Нет,0
B,A,5,0,1,B,1,1,85.03611526799044,C,C,5,1,0,C,1,1,7.991085623054306,Нет,0
C,B,5,0,0,D,0,1,45.21932136670539,D,A,3,0,1,D,0,1,46.05840760164918,Да,1
D,B,3,1,1,B,0,0,2.964160330768617,B,C,4,0,0,B,1,1,71.84097925362289,Нет,0
D,B,2,0,1,A,1,0,63.103761568676894,D,A,4,0,0,A,1,1,17.23555696785247,Да,1
D,D,4,0,0,D,1,1,46.78701430684106,D,C,4,1,1,D,0,0,91.12204510119844,Нет,0
B,A,3,1,1,D,1,0,49.62608421663541,C,C,4,1,0,C,1,1,28.44896177285325,Нет,0
B,C,1,1,1,B,0,1,60.66365309667879,D,A,5,1,0,A,1,0,60.80140802282759,Нет,0
D,B,4,1,0,C,0,0,52.574349813470135,B,C,5,1,1,D,1,1,95.65860245476158,Нет,0
B,D,3,1,1,B,1,0,69.23678651833804,C,D,3,0,1,D,0,0,72.54464357956516,Да,1
C,D,4,0,0,B,0,0,40.63807023740809,B,C,2,1,0,D,0,1,42.4721429305735,Нет,0
A,B,1,1,0,D,0,0,82.70200071791895,B,D,2,0,0,D,0,0,35.601592130323986,Да,1
C,B,1,1,1,D,1,0,10.490599573824769,B,D,2,0,1,C,1,1,3.8909821977346937,Нет,0
A,D,2,1,0,D,1,0,10.422323133612988,B,B,5,1,1,D,0,1,27.90915100625769,Нет,0
C,D,2,0,1,D,1,1,76.73723828911602,A,B,1,0,0,D,0,1,92.86959082908908,Нет,0
D,C,4,0,0,B,0,1,78.1649328639487,D,B,4,1,0,B,0,0,99.34551985804946,Да,0
D,B,5,0,0,C,0,0,28.96952348235923,D,B,3,1,0,A,0,0,64.03007078023086,Да,1
B,C,2,1,1,C,1,0,15.007142816221076,D,B,4,1,1,A,0,1,32.25380116091348,Нет,0
A,C,2,1,1,C,1,0,5.842378530304426,B,D,5,0,1,C,0,0,54.52864511893232,Нет,0
D,A,4,1,0,D,0,0,39.27030419000459,D,C,2,0,1,C,1,1,49.63820780611368,Нет,0
C,B,1,0,1,D,0,1,76.68429181478655,A,D,3,0,1,C,0,0,89.92518182745964,Нет,0
C,B,3,1,1,B,0,1,65.78663363358471,A,C,3,1,1,B,0,0,44.94485619851869,Да,0
B,B,3,1,0,B,0,0,34.37459977942625,C,B,3,0,0,D,1,0,38.70889672885575,Да,0
C,B,3,0,0,A,1,0,13.743068196511532,D,B,2,0,1,B,0,1,81.12488474029371,Нет,0
B,C,2,1,1,A,1,0,47.355950042205166,D,A,5,0,0,C,1,1,49.42822847198206,Нет,0
C,D,2,1,1,D,1,0,21.65323926898912,C,A,5,1,0,B,1,1,4.46279399627697,Нет,0
B,A,4,0,0,C,0,1,38.87789504496103,B,B,3,1,1,C,0,0,39.57933902888709,Нет,0
A,C,2,1,1,D,0,0,0.4187606547250255,B,C,3,0,1,D,0,0,80.8124317354332,Да,1
B,B,2,0,1,B,1,1,16.515989531207765,D,D,3,0,1,B,1,0,19.975129041463717,Да,1
C,C,4,0,0,C,0,1,46.68223510735751,D,B,2,0,0,A,0,1,54.42945463042299,Да,1
D,A,4,0,0,C,1,1,94.59580591966834,D,B,4,1,1,D,1,1,26.107176109726648,Да,0
C,B,4,0,1,B,0,0,72.71292308110819,D,C,4,1,1,D,1,0,61.465381051290734,Нет,0
B,B,2,0,1,B,1,1,39.9374082642063,D,A,5,0,1,A,1,0,94.23954018317242,Нет,0
A,A,1,0,0,D,1,0,83.22293133176072,D,C,2,0,1,D,0,0,30.319979976002777,Нет,0
B,B,1,1,0,C,1,0,35.92539863239641,A,B,1,0,1,C,0,0,52.07914101130302,Да,0
B,D,5,0,1,A,0,0,64.25939432687585,C,D,1,1,1,A,0,1,32.93101381237822,Да,0
D,C,1,1,1,B,1,1,23.376330960528424,B,A,5,1,0,C,0,1,66.75398835002167,Нет,0
C,C,4,0,1,C,0,0,33.9474938934731,D,D,1,0,1,C,1,1,74.75850354093726,Нет,0
A,D,1,0,1,B,1,1,58.44269950302554,C,A,1,1,1,C,0,1,25.33665759149137,Нет,0
D,A,2,0,0,B,0,0,9.92131703982584,A,B,2,0,1,B,0,1,29.55610922986175,Да,1
B,A,3,1,0,B,1,1,94.50233976965464,C,C,3,1,0,B,1,1,94.5777496829577,Да,1
B,D,4,1,0,C,0,1,46.92101594718786,A,B,5,0,0,B,0,0,48.04265166885048,Нет,0
A,C,5,0,0,A,1,0,69.63932537453886,C,C,4,1,0,C,0,0,12.336454222626648,Нет,0
A,C,4,0,1,C,0,0,48.553261688408334,A,D,4,1,0,D,0,0,40.58566617457389,Да,1
A,A,2,0,1,D,0,0,78.45035362822387,C,C,4,1,0,D,1,0,55.97607281404705,Нет,0
D,D,3,1,1,A,0,0,93.115664633229,A,A,4,0,1,A,0,1,80.27975799996408,Нет,0
A,B,1,1,0,A,0,1,2.711115628410987,C,A,2,1,1,C,0,1,41.75525573687675,Нет,0
D,C,1,1,0,A,0,1,63.72017150192507,B,C,1,1,0,A,1,0,8.451001957966387,Да,0
C,B,4,0,1,B,0,1,5.647554779322861,C,B,4,1,0,A,0,0,79.78231962511569,Да,0
C,C,3,0,1,D,1,1,12.722699898887136,A,D,5,1,0,D,0,1,28.707300422435843,Нет,0
C,A,3,1,1,B,0,1,97.07114441484184,A,B,4,1,1,A,1,1,98.3780435147464,Нет,0
A,A,5,0,1,D,1,1,97.10837458222748,B,A,5,1,0,D,0,0,82.16393997815294,Нет,0
A,C,2,0,0,B,0,1,50.96624756113184,B,A,1,0,0,A,1,0,25.06205839278205,Нет,0
A,A,5,0,0,B,0,0,28.8650378252848,C,A,1,0,0,D,1,0,84.82692593248244,Да,1
D,D,2,1,0,D,0,0,65.76835451364278,D,B,2,0,0,D,1,0,4.875661666156484,Да,1
C,C,2,1,1,D,1,0,53.131907288358384,C,B,4,1,0,C,1,1,2.1991705533120465,Нет,0
D,B,2,0,0,B,1,0,53.16685965180953,A,C,2,0,1,D,1,0,10.070857761563012,Да,1
C,A,2,0,0,C,1,1,22.681963925243675,D,B,1,0,1,C,0,1,51.24619903480777,Нет,0
B,A,2,1,1,D,0,0,96.24118958175649,B,A,2,0,1,B,0,1,22.886902076757032,Да,1
D,A,2,1,0,D,1,1,64.06444102747597,B,B,1,0,0,A,0,0,60.99841069168846,Нет,0
C,D,1,0,1,B,1,1,28.77178225127772,A,B,5,0,0,C,1,0,29.50743608165124,Нет,0
B,B,2,1,1,A,1,1,90.20553000185257,B,A,3,0,1,C,0,0,85.68103672144365,Нет,0
B,A,5,1,1,A,1,1,10.116749226101971,D,B,5,0,1,B,0,0,5.966714640172299,Нет,0
B,B,1,0,1,B,1,1,93.29876299894366,A,A,1,1,1,A,1,0,52.5018119751609,Нет,0
D,C,3,0,0,C,1,1,36.63995797847859,C,C,1,0,1,B,0,0,96.70124408355257,Нет,0
B,A,1,1,0,C,1,0,1.6920111630396195,A,D,2,0,1,A,0,0,45.99387711472757,Нет,0
C,B,5,0,0,C,0,1,73.83426999635827,D,A,5,0,1,B,0,0,64.1920182623106,Нет,0
D,C,5,1,0,D,0,0,77.27284545788984,C,A,3,1,0,D,1,0,22.64359403692573,Да,1
A,C,4,1,1,C,0,0,36.68083748233839,B,C,5,1,0,A,0,1,1.4078500087743473,Нет,0
D,B,2,0,0,A,0,1,65.74889689065728,A,A,5,1,1,D,0,0,94.66758170756904,Нет,0
A,A,2,0,1,C,1,0,3.350968567216184,D,D,2,0,1,A,0,1,55.14204869746101,Нет,0
D,C,4,1,0,A,1,1,5.77655639095036,C,A,5,0,1,D,0,1,14.371632101950617,Нет,0
C,D,2,1,0,A,1,0,15.493423294725517,A,A,3,1,1,B,0,0,14.437773629431472,Нет,0
A,D,3,0,0,A,0,1,88.31678152089765,D,D,1,1,1,B,1,0,11.3350132893427,Нет,0
A,D,1,1,1,C,1,0,29.070713110494484,A,B,1,1,0,D,1,0,70.67678416878674,Да,1
C,B,4,0,0,C,1,0,12.567034466781756,D,C,2,0,1,A,1,0,79.70699522737048,Нет,0
A,C,3,1,1,C,0,1,88.6368301346095,B,C,5,1,0,C,0,1,39.18547423470685,Да,1
B,D,5,0,1,A,1,1,75.21337346730486,B,D,1,1,1,A,1,1,96.63255755478104,Да,1
C,D,3,0,0,A,1,1,16.170255179749894,C,A,3,1,0,A,0,1,39.94765263678519,Да,0
A,D,3,1,0,A,1,0,99.84048286293006,D,D,2,0,1,D,1,1,8.301913868584009,Нет,0
C,A,3,1,0,D,1,1,60.64975375343234,B,C,2,0,1,A,1,1,59.01979098875443,Нет,0
B,C,1,0,1,C,0,0,53.32813266771964,C,C,2,1,0,C,0,0,30.685960879794592,Да,1
B,C,3,1,1,B,1,1,87.5147511898127,C,B,3,0,1,D,0,1,49.50664569776762,Нет,0
A,D,4,1,1,D,1,1,7.89379263871941,C,C,3,0,0,B,1,0,83.06658085442693,Нет,0
C,A,5,0,1,B,0,0,48.04647272623301,C,A,2,0,0,B,1,1,50.45988109636128,Да,0
A,A,5,0,0,D,1,1,1.3646267059990724,C,D,1,1,0,D,0,0,14.261686844267574,Нет,0
C,A,4,0,1,C,0,0,80.04257166388791,C,B,3,0,1,D,1,1,42.916712688414336,Нет,0
A,A,4,0,0,A,1,0,54.080777518501655,A,C,1,1,0,A,0,1,99.64436625083266,Нет,0
D,C,1,0,1,A,0,1,14.156564938224635,D,B,2,1,0,A,1,0,36.61881040093156,Нет,0
C,B,1,0,1,A,0,0,65.38526502688569,B,C,5,0,0,C,0,1,77.59854372266723,Нет,0
B,B,3,0,1,C,0,1,46.69975370200289,C,B,5,1,0,A,0,1,88.77349878824707,Нет,0
C,A,2,1,1,A,0,1,70.88309971936764,D,A,5,1,0,D,0,1,30.30183117545763,Да,1
D,B,4,1,1,B,0,1,67.64024641229118,D,A,5,0,1,C,0,1,83.7536186954084,Да,1
D,C,3,0,1,D,0,0,2.639384773361764,D,D,4,1,1,C,0,1,88.92735698880225,Нет,0
A,D,3,0,1,D,0,1,29.767180355307243,A,D,5,0,1,A,1,0,72.81663090829932,Да,1
C,A,4,1,1,A,0,1,93.5316418560188,A,D,3,0,0,D,1,1,62.54460998282752,Нет,0
C,A,4,1,0,D,1,1,73.62295183963278,D,D,5,1,1,A,1,0,74.54716043597878,Нет,0
B,C,5,0,0,C,1,0,47.68936128939468,A,B,1,0,0,A,1,0,55.10891496869653,Да,1
D,D,3,0,0,D,0,1,84.06152753444003,C,B,1,1,1,B,0,1,55.80037539581775,Нет,0
C,B,4,1,0,D,0,0,57.74882499186904,D,D,3,1,1,A,0,0,17.62641584064322,Нет,0
D,B,4,0,0,A,0,1,95.97453954434692,C,B,5,1,1,C,0,1,42.02121738001215,Нет,0
B,B,3,0,0,D,0,1,2.89698288055269,C,D,1,1,1,D,1,0,75.38024273842029,Нет,0
